Distribution,Market,Optimizer,Correlations,Covariances,Returns,DCT
MP Distribution,consumer_staples,Dwave,"[[1.         0.47386621 0.63163631 0.50580079 0.45944713 0.71074205
  0.48055564 0.42882301 0.31025433 0.26818646]
 [0.47386621 1.         0.66704448 0.29367682 0.43361638 0.54158226
  0.58457129 0.47891311 0.29738497 0.52822516]
 [0.63163631 0.66704448 1.         0.47064897 0.5081926  0.67298652
  0.62606381 0.48031269 0.33062427 0.44661371]
 [0.50580079 0.29367682 0.47064897 1.         0.5173196  0.447007
  0.35010273 0.30808368 0.50940347 0.13946868]
 [0.45944713 0.43361638 0.5081926  0.5173196  1.         0.50324122
  0.42537205 0.37380307 0.5216848  0.28489169]
 [0.71074205 0.54158226 0.67298652 0.447007   0.50324122 1.
  0.57821489 0.41862744 0.30320388 0.23971549]
 [0.48055564 0.58457129 0.62606381 0.35010273 0.42537205 0.57821489
  1.         0.50461482 0.29422467 0.40953912]
 [0.42882301 0.47891311 0.48031269 0.30808368 0.37380307 0.41862744
  0.50461482 1.         0.22412863 0.42035878]
 [0.31025433 0.29738497 0.33062427 0.50940347 0.5216848  0.30320388
  0.29422467 0.22412863 1.         0.22352116]
 [0.26818646 0.52822516 0.44661371 0.13946868 0.28489169 0.23971549
  0.40953912 0.42035878 0.22352116 1.        ]]","[[0.0005529  0.0002661  0.00031993 0.00030706 0.00028602 0.00039059
  0.00030961 0.00053693 0.00026291 0.00025067]
 [0.0002661  0.00057035 0.00034316 0.00018108 0.00027417 0.00030229
  0.00038252 0.00057176 0.00025595 0.00050145]
 [0.00031993 0.00034316 0.00046402 0.00026175 0.00028983 0.00033881
  0.00036952 0.00052887 0.00025666 0.00038242]
 [0.00030706 0.00018108 0.00026175 0.00066655 0.0003536  0.00026972
  0.00024766 0.00042763 0.00047396 0.00014313]
 [0.00028602 0.00027417 0.00028983 0.0003536  0.00070094 0.00031139
  0.00030857 0.00051086 0.00049775 0.00029982]
 [0.00039059 0.00030229 0.00033881 0.00026972 0.00031139 0.00054622
  0.00037027 0.00048912 0.00025538 0.0002227 ]
 [0.00030961 0.00038252 0.00036952 0.00024766 0.00030857 0.00037027
  0.00075074 0.00071026 0.00029053 0.00044605]
 [0.00053693 0.00057176 0.00052887 0.00042763 0.00051086 0.00048912
  0.00071026 0.00208663 0.00045991 0.00100067]
 [0.00026291 0.00025595 0.00025666 0.00047396 0.00049775 0.00025538
  0.00029053 0.00045991 0.00129874 0.0003202 ]
 [0.00025067 0.00050145 0.00038242 0.00014313 0.00029982 0.0002227
  0.00044605 0.00100067 0.0003202  0.00158007]]","[ 0.00197563  0.00175368  0.00209029  0.00228027  0.00388618  0.00167914
  0.00242866 -0.0025061   0.00230106  0.00186081]","{'score': -0.00017554955773673234, 'recombined_solution': array([0, 1, 0, 0, 1, 0, 1, 0, 1, 1], dtype=object)}"
Shrinkage Estimator,consumer_staples,Dwave,"[[1.         0.47386596 0.63163667 0.5058011  0.45944728 0.71074185
  0.48055644 0.42882261 0.31025458 0.26818598]
 [0.47386596 1.         0.66704451 0.29367682 0.43361638 0.54158258
  0.58457116 0.47891237 0.29738497 0.52822558]
 [0.63163667 0.66704451 1.         0.47064918 0.50819291 0.67298654
  0.62606393 0.4803115  0.33062448 0.44661382]
 [0.5058011  0.29367682 0.47064918 1.         0.5173196  0.44700731
  0.35010305 0.30808307 0.50940347 0.13946867]
 [0.45944728 0.43361638 0.50819291 0.5173196  1.         0.50324096
  0.42537247 0.37380213 0.5216848  0.2848919 ]
 [0.71074185 0.54158258 0.67298654 0.44700731 0.50324096 1.
  0.57821474 0.41862749 0.3032033  0.23971523]
 [0.48055644 0.58457116 0.62606393 0.35010305 0.42537247 0.57821474
  1.         0.5046149  0.29422391 0.40953936]
 [0.42882261 0.47891237 0.4803115  0.30808307 0.37380213 0.41862749
  0.5046149  1.         0.22412811 0.42035815]
 [0.31025458 0.29738497 0.33062448 0.50940347 0.5216848  0.3032033
  0.29422391 0.22412811 1.         0.22352127]
 [0.26818598 0.52822558 0.44661382 0.13946867 0.2848919  0.23971523
  0.40953936 0.42035815 0.22352127 1.        ]]","[[0.0005529  0.0002661  0.00031993 0.00030706 0.00028602 0.00039059
  0.00030961 0.00053693 0.00026291 0.00025067]
 [0.0002661  0.00057035 0.00034316 0.00018108 0.00027417 0.00030229
  0.00038252 0.00057176 0.00025595 0.00050145]
 [0.00031993 0.00034316 0.00046402 0.00026175 0.00028983 0.00033881
  0.00036952 0.00052887 0.00025666 0.00038242]
 [0.00030706 0.00018108 0.00026175 0.00066655 0.0003536  0.00026972
  0.00024766 0.00042763 0.00047396 0.00014313]
 [0.00028602 0.00027417 0.00028983 0.0003536  0.00070094 0.00031139
  0.00030857 0.00051086 0.00049775 0.00029982]
 [0.00039059 0.00030229 0.00033881 0.00026972 0.00031139 0.00054622
  0.00037027 0.00048912 0.00025538 0.0002227 ]
 [0.00030961 0.00038252 0.00036952 0.00024766 0.00030857 0.00037027
  0.00075074 0.00071025 0.00029053 0.00044605]
 [0.00053693 0.00057176 0.00052887 0.00042763 0.00051086 0.00048912
  0.00071025 0.00208663 0.00045991 0.00100066]
 [0.00026291 0.00025595 0.00025666 0.00047396 0.00049775 0.00025538
  0.00029053 0.00045991 0.00129874 0.0003202 ]
 [0.00025067 0.00050145 0.00038242 0.00014313 0.00029982 0.0002227
  0.00044605 0.00100066 0.0003202  0.00158007]]","[ 0.00197563  0.00175368  0.00209029  0.00228027  0.00388618  0.00167914
  0.00242866 -0.0025061   0.00230106  0.00186081]","{'score': -0.0019427793804989574, 'recombined_solution': array([0, 0, 1, 1, 1, 1, 0, 0, 1, 0], dtype=object)}"
MP Distribution,consumer_staples,Gurobi,"[[1.         0.47386621 0.63163631 0.50580079 0.45944713 0.71074205
  0.48055564 0.42882301 0.31025433 0.26818646]
 [0.47386621 1.         0.66704448 0.29367682 0.43361638 0.54158226
  0.58457129 0.47891311 0.29738497 0.52822516]
 [0.63163631 0.66704448 1.         0.47064897 0.5081926  0.67298652
  0.62606381 0.48031269 0.33062427 0.44661371]
 [0.50580079 0.29367682 0.47064897 1.         0.5173196  0.447007
  0.35010273 0.30808368 0.50940347 0.13946868]
 [0.45944713 0.43361638 0.5081926  0.5173196  1.         0.50324122
  0.42537205 0.37380307 0.5216848  0.28489169]
 [0.71074205 0.54158226 0.67298652 0.447007   0.50324122 1.
  0.57821489 0.41862744 0.30320388 0.23971549]
 [0.48055564 0.58457129 0.62606381 0.35010273 0.42537205 0.57821489
  1.         0.50461482 0.29422467 0.40953912]
 [0.42882301 0.47891311 0.48031269 0.30808368 0.37380307 0.41862744
  0.50461482 1.         0.22412863 0.42035878]
 [0.31025433 0.29738497 0.33062427 0.50940347 0.5216848  0.30320388
  0.29422467 0.22412863 1.         0.22352116]
 [0.26818646 0.52822516 0.44661371 0.13946868 0.28489169 0.23971549
  0.40953912 0.42035878 0.22352116 1.        ]]","[[0.0005529  0.0002661  0.00031993 0.00030706 0.00028602 0.00039059
  0.00030961 0.00053693 0.00026291 0.00025067]
 [0.0002661  0.00057035 0.00034316 0.00018108 0.00027417 0.00030229
  0.00038252 0.00057176 0.00025595 0.00050145]
 [0.00031993 0.00034316 0.00046402 0.00026175 0.00028983 0.00033881
  0.00036952 0.00052887 0.00025666 0.00038242]
 [0.00030706 0.00018108 0.00026175 0.00066655 0.0003536  0.00026972
  0.00024766 0.00042763 0.00047396 0.00014313]
 [0.00028602 0.00027417 0.00028983 0.0003536  0.00070094 0.00031139
  0.00030857 0.00051086 0.00049775 0.00029982]
 [0.00039059 0.00030229 0.00033881 0.00026972 0.00031139 0.00054622
  0.00037027 0.00048912 0.00025538 0.0002227 ]
 [0.00030961 0.00038252 0.00036952 0.00024766 0.00030857 0.00037027
  0.00075074 0.00071026 0.00029053 0.00044605]
 [0.00053693 0.00057176 0.00052887 0.00042763 0.00051086 0.00048912
  0.00071026 0.00208663 0.00045991 0.00100067]
 [0.00026291 0.00025595 0.00025666 0.00047396 0.00049775 0.00025538
  0.00029053 0.00045991 0.00129874 0.0003202 ]
 [0.00025067 0.00050145 0.00038242 0.00014313 0.00029982 0.0002227
  0.00044605 0.00100067 0.0003202  0.00158007]]","[ 0.00197563  0.00175368  0.00209029  0.00228027  0.00388618  0.00167914
  0.00242866 -0.0025061   0.00230106  0.00186081]","{'score': -0.003418789995558764, 'recombined_solution': array([1.0, 0.0, 1.0, 1.0, 1.0, 0.0, 1.0, 0.0, 0.0, 0.0], dtype=object)}"
Shrinkage Estimator,consumer_staples,Gurobi,"[[1.         0.47386596 0.63163667 0.5058011  0.45944728 0.71074185
  0.48055644 0.42882261 0.31025458 0.26818598]
 [0.47386596 1.         0.66704451 0.29367682 0.43361638 0.54158258
  0.58457116 0.47891237 0.29738497 0.52822558]
 [0.63163667 0.66704451 1.         0.47064918 0.50819291 0.67298654
  0.62606393 0.4803115  0.33062448 0.44661382]
 [0.5058011  0.29367682 0.47064918 1.         0.5173196  0.44700731
  0.35010305 0.30808307 0.50940347 0.13946867]
 [0.45944728 0.43361638 0.50819291 0.5173196  1.         0.50324096
  0.42537247 0.37380213 0.5216848  0.2848919 ]
 [0.71074185 0.54158258 0.67298654 0.44700731 0.50324096 1.
  0.57821474 0.41862749 0.3032033  0.23971523]
 [0.48055644 0.58457116 0.62606393 0.35010305 0.42537247 0.57821474
  1.         0.5046149  0.29422391 0.40953936]
 [0.42882261 0.47891237 0.4803115  0.30808307 0.37380213 0.41862749
  0.5046149  1.         0.22412811 0.42035815]
 [0.31025458 0.29738497 0.33062448 0.50940347 0.5216848  0.3032033
  0.29422391 0.22412811 1.         0.22352127]
 [0.26818598 0.52822558 0.44661382 0.13946867 0.2848919  0.23971523
  0.40953936 0.42035815 0.22352127 1.        ]]","[[0.0005529  0.0002661  0.00031993 0.00030706 0.00028602 0.00039059
  0.00030961 0.00053693 0.00026291 0.00025067]
 [0.0002661  0.00057035 0.00034316 0.00018108 0.00027417 0.00030229
  0.00038252 0.00057176 0.00025595 0.00050145]
 [0.00031993 0.00034316 0.00046402 0.00026175 0.00028983 0.00033881
  0.00036952 0.00052887 0.00025666 0.00038242]
 [0.00030706 0.00018108 0.00026175 0.00066655 0.0003536  0.00026972
  0.00024766 0.00042763 0.00047396 0.00014313]
 [0.00028602 0.00027417 0.00028983 0.0003536  0.00070094 0.00031139
  0.00030857 0.00051086 0.00049775 0.00029982]
 [0.00039059 0.00030229 0.00033881 0.00026972 0.00031139 0.00054622
  0.00037027 0.00048912 0.00025538 0.0002227 ]
 [0.00030961 0.00038252 0.00036952 0.00024766 0.00030857 0.00037027
  0.00075074 0.00071025 0.00029053 0.00044605]
 [0.00053693 0.00057176 0.00052887 0.00042763 0.00051086 0.00048912
  0.00071025 0.00208663 0.00045991 0.00100066]
 [0.00026291 0.00025595 0.00025666 0.00047396 0.00049775 0.00025538
  0.00029053 0.00045991 0.00129874 0.0003202 ]
 [0.00025067 0.00050145 0.00038242 0.00014313 0.00029982 0.0002227
  0.00044605 0.00100066 0.0003202  0.00158007]]","[ 0.00197563  0.00175368  0.00209029  0.00228027  0.00388618  0.00167914
  0.00242866 -0.0025061   0.00230106  0.00186081]","{'score': -0.0034187839442253176, 'recombined_solution': array([1.0, 0.0, 1.0, 1.0, 1.0, 0.0, 1.0, 0.0, 0.0, 0.0], dtype=object)}"
MP Distribution,consumer_staples,None,"[[1.         0.47386621 0.63163631 0.50580079 0.45944713 0.71074205
  0.48055564 0.42882301 0.31025433 0.26818646]
 [0.47386621 1.         0.66704448 0.29367682 0.43361638 0.54158226
  0.58457129 0.47891311 0.29738497 0.52822516]
 [0.63163631 0.66704448 1.         0.47064897 0.5081926  0.67298652
  0.62606381 0.48031269 0.33062427 0.44661371]
 [0.50580079 0.29367682 0.47064897 1.         0.5173196  0.447007
  0.35010273 0.30808368 0.50940347 0.13946868]
 [0.45944713 0.43361638 0.5081926  0.5173196  1.         0.50324122
  0.42537205 0.37380307 0.5216848  0.28489169]
 [0.71074205 0.54158226 0.67298652 0.447007   0.50324122 1.
  0.57821489 0.41862744 0.30320388 0.23971549]
 [0.48055564 0.58457129 0.62606381 0.35010273 0.42537205 0.57821489
  1.         0.50461482 0.29422467 0.40953912]
 [0.42882301 0.47891311 0.48031269 0.30808368 0.37380307 0.41862744
  0.50461482 1.         0.22412863 0.42035878]
 [0.31025433 0.29738497 0.33062427 0.50940347 0.5216848  0.30320388
  0.29422467 0.22412863 1.         0.22352116]
 [0.26818646 0.52822516 0.44661371 0.13946868 0.28489169 0.23971549
  0.40953912 0.42035878 0.22352116 1.        ]]","[[0.0005529  0.0002661  0.00031993 0.00030706 0.00028602 0.00039059
  0.00030961 0.00053693 0.00026291 0.00025067]
 [0.0002661  0.00057035 0.00034316 0.00018108 0.00027417 0.00030229
  0.00038252 0.00057176 0.00025595 0.00050145]
 [0.00031993 0.00034316 0.00046402 0.00026175 0.00028983 0.00033881
  0.00036952 0.00052887 0.00025666 0.00038242]
 [0.00030706 0.00018108 0.00026175 0.00066655 0.0003536  0.00026972
  0.00024766 0.00042763 0.00047396 0.00014313]
 [0.00028602 0.00027417 0.00028983 0.0003536  0.00070094 0.00031139
  0.00030857 0.00051086 0.00049775 0.00029982]
 [0.00039059 0.00030229 0.00033881 0.00026972 0.00031139 0.00054622
  0.00037027 0.00048912 0.00025538 0.0002227 ]
 [0.00030961 0.00038252 0.00036952 0.00024766 0.00030857 0.00037027
  0.00075074 0.00071026 0.00029053 0.00044605]
 [0.00053693 0.00057176 0.00052887 0.00042763 0.00051086 0.00048912
  0.00071026 0.00208663 0.00045991 0.00100067]
 [0.00026291 0.00025595 0.00025666 0.00047396 0.00049775 0.00025538
  0.00029053 0.00045991 0.00129874 0.0003202 ]
 [0.00025067 0.00050145 0.00038242 0.00014313 0.00029982 0.0002227
  0.00044605 0.00100067 0.0003202  0.00158007]]","[ 0.00197563  0.00175368  0.00209029  0.00228027  0.00388618  0.00167914
  0.00242866 -0.0025061   0.00230106  0.00186081]","(array([[1.        , 0.47386621, 0.63163631, 0.50580079, 0.45944713,
        0.71074205, 0.48055564, 0.42882301, 0.31025433, 0.26818646],
       [0.47386621, 1.        , 0.66704448, 0.29367682, 0.43361638,
        0.54158226, 0.58457129, 0.47891311, 0.29738497, 0.52822516],
       [0.63163631, 0.66704448, 1.        , 0.47064897, 0.5081926 ,
        0.67298652, 0.62606381, 0.48031269, 0.33062427, 0.44661371],
       [0.50580079, 0.29367682, 0.47064897, 1.        , 0.5173196 ,
        0.447007  , 0.35010273, 0.30808368, 0.50940347, 0.13946868],
       [0.45944713, 0.43361638, 0.5081926 , 0.5173196 , 1.        ,
        0.50324122, 0.42537205, 0.37380307, 0.5216848 , 0.28489169],
       [0.71074205, 0.54158226, 0.67298652, 0.447007  , 0.50324122,
        1.        , 0.57821489, 0.41862744, 0.30320388, 0.23971549],
       [0.48055564, 0.58457129, 0.62606381, 0.35010273, 0.42537205,
        0.57821489, 1.        , 0.50461482, 0.29422467, 0.40953912],
       [0.42882301, 0.47891311, 0.48031269, 0.30808368, 0.37380307,
        0.41862744, 0.50461482, 1.        , 0.22412863, 0.42035878],
       [0.31025433, 0.29738497, 0.33062427, 0.50940347, 0.5216848 ,
        0.30320388, 0.29422467, 0.22412863, 1.        , 0.22352116],
       [0.26818646, 0.52822516, 0.44661371, 0.13946868, 0.28489169,
        0.23971549, 0.40953912, 0.42035878, 0.22352116, 1.        ]]), array([0., 0., 0., 0., 0., 0., 0., 0., 0., 0.]))"
Shrinkage Estimator,consumer_staples,None,"[[1.         0.47386596 0.63163667 0.5058011  0.45944728 0.71074185
  0.48055644 0.42882261 0.31025458 0.26818598]
 [0.47386596 1.         0.66704451 0.29367682 0.43361638 0.54158258
  0.58457116 0.47891237 0.29738497 0.52822558]
 [0.63163667 0.66704451 1.         0.47064918 0.50819291 0.67298654
  0.62606393 0.4803115  0.33062448 0.44661382]
 [0.5058011  0.29367682 0.47064918 1.         0.5173196  0.44700731
  0.35010305 0.30808307 0.50940347 0.13946867]
 [0.45944728 0.43361638 0.50819291 0.5173196  1.         0.50324096
  0.42537247 0.37380213 0.5216848  0.2848919 ]
 [0.71074185 0.54158258 0.67298654 0.44700731 0.50324096 1.
  0.57821474 0.41862749 0.3032033  0.23971523]
 [0.48055644 0.58457116 0.62606393 0.35010305 0.42537247 0.57821474
  1.         0.5046149  0.29422391 0.40953936]
 [0.42882261 0.47891237 0.4803115  0.30808307 0.37380213 0.41862749
  0.5046149  1.         0.22412811 0.42035815]
 [0.31025458 0.29738497 0.33062448 0.50940347 0.5216848  0.3032033
  0.29422391 0.22412811 1.         0.22352127]
 [0.26818598 0.52822558 0.44661382 0.13946867 0.2848919  0.23971523
  0.40953936 0.42035815 0.22352127 1.        ]]","[[0.0005529  0.0002661  0.00031993 0.00030706 0.00028602 0.00039059
  0.00030961 0.00053693 0.00026291 0.00025067]
 [0.0002661  0.00057035 0.00034316 0.00018108 0.00027417 0.00030229
  0.00038252 0.00057176 0.00025595 0.00050145]
 [0.00031993 0.00034316 0.00046402 0.00026175 0.00028983 0.00033881
  0.00036952 0.00052887 0.00025666 0.00038242]
 [0.00030706 0.00018108 0.00026175 0.00066655 0.0003536  0.00026972
  0.00024766 0.00042763 0.00047396 0.00014313]
 [0.00028602 0.00027417 0.00028983 0.0003536  0.00070094 0.00031139
  0.00030857 0.00051086 0.00049775 0.00029982]
 [0.00039059 0.00030229 0.00033881 0.00026972 0.00031139 0.00054622
  0.00037027 0.00048912 0.00025538 0.0002227 ]
 [0.00030961 0.00038252 0.00036952 0.00024766 0.00030857 0.00037027
  0.00075074 0.00071025 0.00029053 0.00044605]
 [0.00053693 0.00057176 0.00052887 0.00042763 0.00051086 0.00048912
  0.00071025 0.00208663 0.00045991 0.00100066]
 [0.00026291 0.00025595 0.00025666 0.00047396 0.00049775 0.00025538
  0.00029053 0.00045991 0.00129874 0.0003202 ]
 [0.00025067 0.00050145 0.00038242 0.00014313 0.00029982 0.0002227
  0.00044605 0.00100066 0.0003202  0.00158007]]","[ 0.00197563  0.00175368  0.00209029  0.00228027  0.00388618  0.00167914
  0.00242866 -0.0025061   0.00230106  0.00186081]","(array([[1.        , 0.47386596, 0.63163667, 0.5058011 , 0.45944728,
        0.71074185, 0.48055644, 0.42882261, 0.31025458, 0.26818598],
       [0.47386596, 1.        , 0.66704451, 0.29367682, 0.43361638,
        0.54158258, 0.58457116, 0.47891237, 0.29738497, 0.52822558],
       [0.63163667, 0.66704451, 1.        , 0.47064918, 0.50819291,
        0.67298654, 0.62606393, 0.4803115 , 0.33062448, 0.44661382],
       [0.5058011 , 0.29367682, 0.47064918, 1.        , 0.5173196 ,
        0.44700731, 0.35010305, 0.30808307, 0.50940347, 0.13946867],
       [0.45944728, 0.43361638, 0.50819291, 0.5173196 , 1.        ,
        0.50324096, 0.42537247, 0.37380213, 0.5216848 , 0.2848919 ],
       [0.71074185, 0.54158258, 0.67298654, 0.44700731, 0.50324096,
        1.        , 0.57821474, 0.41862749, 0.3032033 , 0.23971523],
       [0.48055644, 0.58457116, 0.62606393, 0.35010305, 0.42537247,
        0.57821474, 1.        , 0.5046149 , 0.29422391, 0.40953936],
       [0.42882261, 0.47891237, 0.4803115 , 0.30808307, 0.37380213,
        0.41862749, 0.5046149 , 1.        , 0.22412811, 0.42035815],
       [0.31025458, 0.29738497, 0.33062448, 0.50940347, 0.5216848 ,
        0.3032033 , 0.29422391, 0.22412811, 1.        , 0.22352127],
       [0.26818598, 0.52822558, 0.44661382, 0.13946867, 0.2848919 ,
        0.23971523, 0.40953936, 0.42035815, 0.22352127, 1.        ]]), array([0., 0., 0., 0., 0., 0., 0., 0., 0., 0.]))"
MP Distribution,defensive_plays,Dwave,"[[ 1.          0.47386596  0.47184455  0.60431191  0.66704451  0.29367682
   0.66441642  0.72045683 -0.09889247 -0.06454124]
 [ 0.47386596  1.          0.49932501  0.34006409  0.63163667  0.5058011
   0.48620142  0.56804905 -0.1293743  -0.07461387]
 [ 0.47184455  0.49932501  1.          0.43199902  0.58031301  0.4184161
   0.47381031  0.65884886 -0.17877098 -0.16660255]
 [ 0.60431191  0.34006409  0.43199902  1.          0.4484419   0.23488961
   0.54939634  0.64424758 -0.12075518 -0.1132525 ]
 [ 0.66704451  0.63163667  0.58031301  0.4484419   1.          0.47064918
   0.60077902  0.65809636 -0.06450395 -0.01607592]
 [ 0.29367682  0.5058011   0.4184161   0.23488961  0.47064918  1.
   0.33954012  0.44920332 -0.16859873 -0.11502442]
 [ 0.66441642  0.48620142  0.47381031  0.54939634  0.60077902  0.33954012
   1.          0.67425441  0.06849351  0.10434652]
 [ 0.72045683  0.56804905  0.65884886  0.64424758  0.65809636  0.44920332
   0.67425441  1.         -0.33559011 -0.30409651]
 [-0.09889247 -0.1293743  -0.17877098 -0.12075518 -0.06450395 -0.16859873
   0.06849351 -0.33559011  1.          0.85125016]
 [-0.06454124 -0.07461387 -0.16660255 -0.1132525  -0.01607592 -0.11502442
   0.10434652 -0.30409651  0.85125016  1.        ]]","[[ 5.70353399e-04  2.66102982e-04  2.58791502e-04  3.59607748e-04
   3.43158447e-04  1.81075204e-04  3.57749578e-04  3.88852226e-04
  -4.65939676e-05 -8.30133908e-06]
 [ 2.66102982e-04  5.52897242e-04  2.69640165e-04  1.99241062e-04
   3.19931800e-04  3.07057193e-04  2.57753864e-04  3.01864929e-04
  -6.00156717e-05 -9.44888541e-06]
 [ 2.58791502e-04  2.69640165e-04  5.27421838e-04  2.47205246e-04
   2.87084158e-04  2.48087412e-04  2.45329804e-04  3.41955398e-04
  -8.09972989e-05 -2.06062772e-05]
 [ 3.59607748e-04  1.99241062e-04  2.47205246e-04  6.20857220e-04
   2.40696580e-04  1.51104351e-04  3.08637282e-04  3.62788298e-04
  -5.93602985e-05 -1.51978614e-05]
 [ 3.43158447e-04  3.19931800e-04  2.87084158e-04  2.40696580e-04
   4.64018963e-04  2.61747452e-04  2.91775872e-04  3.20377468e-04
  -2.74124993e-05 -1.86501583e-06]
 [ 1.81075204e-04  3.07057193e-04  2.48087412e-04  1.51104351e-04
   2.61747452e-04  6.66552845e-04  1.97640139e-04  2.62098694e-04
  -8.58748592e-05 -1.59935986e-05]
 [ 3.57749578e-04  2.57753864e-04  2.45329804e-04  3.08637282e-04
   2.91775872e-04  1.97640139e-04  5.08315683e-04  3.43554120e-04
   3.04656649e-05  1.26702029e-05]
 [ 3.88852226e-04  3.01864929e-04  3.41955398e-04  3.62788298e-04
   3.20377468e-04  2.62098694e-04  3.43554120e-04  5.10750990e-04
  -1.49626398e-04 -3.70130508e-05]
 [-4.65939676e-05 -6.00156717e-05 -8.09972989e-05 -5.93602985e-05
  -2.74124993e-05 -8.58748592e-05  3.04656649e-05 -1.49626398e-04
   3.89214408e-04  9.04462346e-05]
 [-8.30133908e-06 -9.44888541e-06 -2.06062772e-05 -1.51978614e-05
  -1.86501583e-06 -1.59935986e-05  1.26702029e-05 -3.70130508e-05
   9.04462346e-05  2.90053201e-05]]","[0.00175368 0.00197563 0.00229402 0.00258883 0.00209029 0.00228027
 0.00209892 0.00219961 0.00150623 0.00065135]","{'score': -0.0052578247858780375, 'recombined_solution': array([0, 1, 1, 0, 0, 1, 0, 0, 1, 1], dtype=object)}"
Shrinkage Estimator,defensive_plays,Dwave,"[[ 1.          0.47386572  0.47184455  0.60431244  0.66704453  0.29367682
   0.66441611  0.72045631 -0.09889215 -0.06453798]
 [ 0.47386572  1.          0.49932445  0.34006374  0.63163727  0.50580173
   0.48620204  0.56804913 -0.12937453 -0.07461138]
 [ 0.47184455  0.49932445  1.          0.43199913  0.58031265  0.4184161
   0.47381005  0.65884933 -0.17877034 -0.1666008 ]
 [ 0.60431244  0.34006374  0.43199913  1.          0.44844194  0.2348896
   0.54939546  0.64424753 -0.12075585 -0.11324884]
 [ 0.66704453  0.63163727  0.58031265  0.44844194  1.          0.47064939
   0.60077892  0.65809685 -0.06450409 -0.01607083]
 [ 0.29367682  0.50580173  0.4184161   0.2348896   0.47064939  1.
   0.33953949  0.44920371 -0.16859853 -0.1150227 ]
 [ 0.66441611  0.48620204  0.47381005  0.54939546  0.60077892  0.33953949
   1.          0.67425421  0.06849509  0.10435124]
 [ 0.72045631  0.56804913  0.65884933  0.64424753  0.65809685  0.44920371
   0.67425421  1.         -0.33558953 -0.30409374]
 [-0.09889215 -0.12937453 -0.17877034 -0.12075585 -0.06450409 -0.16859853
   0.06849509 -0.33558953  1.          0.85125016]
 [-0.06453798 -0.07461138 -0.1666008  -0.11324884 -0.01607083 -0.1150227
   0.10435124 -0.30409374  0.85125016  1.        ]]","[[ 5.70353399e-04  2.66102542e-04  2.58791502e-04  3.59607955e-04
   3.43158569e-04  1.81075204e-04  3.57749581e-04  3.88851768e-04
  -4.65937626e-05 -8.30090746e-06]
 [ 2.66102542e-04  5.52895983e-04  2.69639558e-04  1.99240575e-04
   3.19931846e-04  3.07057227e-04  2.57754023e-04  3.01864490e-04
  -6.00156406e-05 -9.44854579e-06]
 [ 2.58791502e-04  2.69639558e-04  5.27421838e-04  2.47205237e-04
   2.87084070e-04  2.48087412e-04  2.45329790e-04  3.41955488e-04
  -8.09969097e-05 -2.06060301e-05]
 [ 3.59607955e-04  1.99240575e-04  2.47205237e-04  6.20856845e-04
   2.40696606e-04  1.51104298e-04  3.08636843e-04  3.62788001e-04
  -5.93605384e-05 -1.51973433e-05]
 [ 3.43158569e-04  3.19931846e-04  2.87084070e-04  2.40696606e-04
   4.64019264e-04  2.61747656e-04  2.91776058e-04  3.20377663e-04
  -2.74125358e-05 -1.86442335e-06]
 [ 1.81075204e-04  3.07057227e-04  2.48087412e-04  1.51104298e-04
   2.61747656e-04  6.66552845e-04  1.97639866e-04  2.62098804e-04
  -8.58746529e-05 -1.59933350e-05]
 [ 3.57749581e-04  2.57754023e-04  2.45329790e-04  3.08636843e-04
   2.91776058e-04  1.97639866e-04  5.08316167e-04  3.43554026e-04
   3.04663423e-05  1.26707625e-05]
 [ 3.88851768e-04  3.01864490e-04  3.41955488e-04  3.62788001e-04
   3.20377663e-04  2.62098804e-04  3.43554026e-04  5.10750530e-04
  -1.49625888e-04 -3.70126416e-05]
 [-4.65937626e-05 -6.00156406e-05 -8.09969097e-05 -5.93605384e-05
  -2.74125358e-05 -8.58746529e-05  3.04663423e-05 -1.49625888e-04
   3.89213465e-04  9.04459917e-05]
 [-8.30090746e-06 -9.44854579e-06 -2.06060301e-05 -1.51973433e-05
  -1.86442335e-06 -1.59933350e-05  1.26707625e-05 -3.70126416e-05
   9.04459917e-05  2.90052343e-05]]","[0.00175368 0.00197563 0.00229402 0.00258883 0.00209029 0.00228027
 0.00209892 0.00219961 0.00150623 0.00065135]","{'score': -0.003785368276536593, 'recombined_solution': array([1, 0, 1, 1, 1, 0, 0, 0, 0, 1], dtype=object)}"
MP Distribution,defensive_plays,Gurobi,"[[ 1.          0.47386596  0.47184455  0.60431191  0.66704451  0.29367682
   0.66441642  0.72045683 -0.09889247 -0.06454124]
 [ 0.47386596  1.          0.49932501  0.34006409  0.63163667  0.5058011
   0.48620142  0.56804905 -0.1293743  -0.07461387]
 [ 0.47184455  0.49932501  1.          0.43199902  0.58031301  0.4184161
   0.47381031  0.65884886 -0.17877098 -0.16660255]
 [ 0.60431191  0.34006409  0.43199902  1.          0.4484419   0.23488961
   0.54939634  0.64424758 -0.12075518 -0.1132525 ]
 [ 0.66704451  0.63163667  0.58031301  0.4484419   1.          0.47064918
   0.60077902  0.65809636 -0.06450395 -0.01607592]
 [ 0.29367682  0.5058011   0.4184161   0.23488961  0.47064918  1.
   0.33954012  0.44920332 -0.16859873 -0.11502442]
 [ 0.66441642  0.48620142  0.47381031  0.54939634  0.60077902  0.33954012
   1.          0.67425441  0.06849351  0.10434652]
 [ 0.72045683  0.56804905  0.65884886  0.64424758  0.65809636  0.44920332
   0.67425441  1.         -0.33559011 -0.30409651]
 [-0.09889247 -0.1293743  -0.17877098 -0.12075518 -0.06450395 -0.16859873
   0.06849351 -0.33559011  1.          0.85125016]
 [-0.06454124 -0.07461387 -0.16660255 -0.1132525  -0.01607592 -0.11502442
   0.10434652 -0.30409651  0.85125016  1.        ]]","[[ 5.70353399e-04  2.66102982e-04  2.58791502e-04  3.59607748e-04
   3.43158447e-04  1.81075204e-04  3.57749578e-04  3.88852226e-04
  -4.65939676e-05 -8.30133908e-06]
 [ 2.66102982e-04  5.52897242e-04  2.69640165e-04  1.99241062e-04
   3.19931800e-04  3.07057193e-04  2.57753864e-04  3.01864929e-04
  -6.00156717e-05 -9.44888541e-06]
 [ 2.58791502e-04  2.69640165e-04  5.27421838e-04  2.47205246e-04
   2.87084158e-04  2.48087412e-04  2.45329804e-04  3.41955398e-04
  -8.09972989e-05 -2.06062772e-05]
 [ 3.59607748e-04  1.99241062e-04  2.47205246e-04  6.20857220e-04
   2.40696580e-04  1.51104351e-04  3.08637282e-04  3.62788298e-04
  -5.93602985e-05 -1.51978614e-05]
 [ 3.43158447e-04  3.19931800e-04  2.87084158e-04  2.40696580e-04
   4.64018963e-04  2.61747452e-04  2.91775872e-04  3.20377468e-04
  -2.74124993e-05 -1.86501583e-06]
 [ 1.81075204e-04  3.07057193e-04  2.48087412e-04  1.51104351e-04
   2.61747452e-04  6.66552845e-04  1.97640139e-04  2.62098694e-04
  -8.58748592e-05 -1.59935986e-05]
 [ 3.57749578e-04  2.57753864e-04  2.45329804e-04  3.08637282e-04
   2.91775872e-04  1.97640139e-04  5.08315683e-04  3.43554120e-04
   3.04656649e-05  1.26702029e-05]
 [ 3.88852226e-04  3.01864929e-04  3.41955398e-04  3.62788298e-04
   3.20377468e-04  2.62098694e-04  3.43554120e-04  5.10750990e-04
  -1.49626398e-04 -3.70130508e-05]
 [-4.65939676e-05 -6.00156717e-05 -8.09972989e-05 -5.93602985e-05
  -2.74124993e-05 -8.58748592e-05  3.04656649e-05 -1.49626398e-04
   3.89214408e-04  9.04462346e-05]
 [-8.30133908e-06 -9.44888541e-06 -2.06062772e-05 -1.51978614e-05
  -1.86501583e-06 -1.59935986e-05  1.26702029e-05 -3.70130508e-05
   9.04462346e-05  2.90053201e-05]]","[0.00175368 0.00197563 0.00229402 0.00258883 0.00209029 0.00228027
 0.00209892 0.00219961 0.00150623 0.00065135]","{'score': -0.006170034176195616, 'recombined_solution': array([0.0, 0.0, 1.0, 1.0, 0.0, 1.0, 0.0, 0.0, 1.0, 1.0], dtype=object)}"
Shrinkage Estimator,defensive_plays,Gurobi,"[[ 1.          0.47386572  0.47184455  0.60431244  0.66704453  0.29367682
   0.66441611  0.72045631 -0.09889215 -0.06453798]
 [ 0.47386572  1.          0.49932445  0.34006374  0.63163727  0.50580173
   0.48620204  0.56804913 -0.12937453 -0.07461138]
 [ 0.47184455  0.49932445  1.          0.43199913  0.58031265  0.4184161
   0.47381005  0.65884933 -0.17877034 -0.1666008 ]
 [ 0.60431244  0.34006374  0.43199913  1.          0.44844194  0.2348896
   0.54939546  0.64424753 -0.12075585 -0.11324884]
 [ 0.66704453  0.63163727  0.58031265  0.44844194  1.          0.47064939
   0.60077892  0.65809685 -0.06450409 -0.01607083]
 [ 0.29367682  0.50580173  0.4184161   0.2348896   0.47064939  1.
   0.33953949  0.44920371 -0.16859853 -0.1150227 ]
 [ 0.66441611  0.48620204  0.47381005  0.54939546  0.60077892  0.33953949
   1.          0.67425421  0.06849509  0.10435124]
 [ 0.72045631  0.56804913  0.65884933  0.64424753  0.65809685  0.44920371
   0.67425421  1.         -0.33558953 -0.30409374]
 [-0.09889215 -0.12937453 -0.17877034 -0.12075585 -0.06450409 -0.16859853
   0.06849509 -0.33558953  1.          0.85125016]
 [-0.06453798 -0.07461138 -0.1666008  -0.11324884 -0.01607083 -0.1150227
   0.10435124 -0.30409374  0.85125016  1.        ]]","[[ 5.70353399e-04  2.66102542e-04  2.58791502e-04  3.59607955e-04
   3.43158569e-04  1.81075204e-04  3.57749581e-04  3.88851768e-04
  -4.65937626e-05 -8.30090746e-06]
 [ 2.66102542e-04  5.52895983e-04  2.69639558e-04  1.99240575e-04
   3.19931846e-04  3.07057227e-04  2.57754023e-04  3.01864490e-04
  -6.00156406e-05 -9.44854579e-06]
 [ 2.58791502e-04  2.69639558e-04  5.27421838e-04  2.47205237e-04
   2.87084070e-04  2.48087412e-04  2.45329790e-04  3.41955488e-04
  -8.09969097e-05 -2.06060301e-05]
 [ 3.59607955e-04  1.99240575e-04  2.47205237e-04  6.20856845e-04
   2.40696606e-04  1.51104298e-04  3.08636843e-04  3.62788001e-04
  -5.93605384e-05 -1.51973433e-05]
 [ 3.43158569e-04  3.19931846e-04  2.87084070e-04  2.40696606e-04
   4.64019264e-04  2.61747656e-04  2.91776058e-04  3.20377663e-04
  -2.74125358e-05 -1.86442335e-06]
 [ 1.81075204e-04  3.07057227e-04  2.48087412e-04  1.51104298e-04
   2.61747656e-04  6.66552845e-04  1.97639866e-04  2.62098804e-04
  -8.58746529e-05 -1.59933350e-05]
 [ 3.57749581e-04  2.57754023e-04  2.45329790e-04  3.08636843e-04
   2.91776058e-04  1.97639866e-04  5.08316167e-04  3.43554026e-04
   3.04663423e-05  1.26707625e-05]
 [ 3.88851768e-04  3.01864490e-04  3.41955488e-04  3.62788001e-04
   3.20377663e-04  2.62098804e-04  3.43554026e-04  5.10750530e-04
  -1.49625888e-04 -3.70126416e-05]
 [-4.65937626e-05 -6.00156406e-05 -8.09969097e-05 -5.93605384e-05
  -2.74125358e-05 -8.58746529e-05  3.04663423e-05 -1.49625888e-04
   3.89213465e-04  9.04459917e-05]
 [-8.30090746e-06 -9.44854579e-06 -2.06060301e-05 -1.51973433e-05
  -1.86442335e-06 -1.59933350e-05  1.26707625e-05 -3.70126416e-05
   9.04459917e-05  2.90052343e-05]]","[0.00175368 0.00197563 0.00229402 0.00258883 0.00209029 0.00228027
 0.00209892 0.00219961 0.00150623 0.00065135]","{'score': -0.006170034039281824, 'recombined_solution': array([0.0, 0.0, 1.0, 1.0, 0.0, 1.0, 0.0, 0.0, 1.0, 1.0], dtype=object)}"
MP Distribution,defensive_plays,None,"[[ 1.          0.47386596  0.47184455  0.60431191  0.66704451  0.29367682
   0.66441642  0.72045683 -0.09889247 -0.06454124]
 [ 0.47386596  1.          0.49932501  0.34006409  0.63163667  0.5058011
   0.48620142  0.56804905 -0.1293743  -0.07461387]
 [ 0.47184455  0.49932501  1.          0.43199902  0.58031301  0.4184161
   0.47381031  0.65884886 -0.17877098 -0.16660255]
 [ 0.60431191  0.34006409  0.43199902  1.          0.4484419   0.23488961
   0.54939634  0.64424758 -0.12075518 -0.1132525 ]
 [ 0.66704451  0.63163667  0.58031301  0.4484419   1.          0.47064918
   0.60077902  0.65809636 -0.06450395 -0.01607592]
 [ 0.29367682  0.5058011   0.4184161   0.23488961  0.47064918  1.
   0.33954012  0.44920332 -0.16859873 -0.11502442]
 [ 0.66441642  0.48620142  0.47381031  0.54939634  0.60077902  0.33954012
   1.          0.67425441  0.06849351  0.10434652]
 [ 0.72045683  0.56804905  0.65884886  0.64424758  0.65809636  0.44920332
   0.67425441  1.         -0.33559011 -0.30409651]
 [-0.09889247 -0.1293743  -0.17877098 -0.12075518 -0.06450395 -0.16859873
   0.06849351 -0.33559011  1.          0.85125016]
 [-0.06454124 -0.07461387 -0.16660255 -0.1132525  -0.01607592 -0.11502442
   0.10434652 -0.30409651  0.85125016  1.        ]]","[[ 5.70353399e-04  2.66102982e-04  2.58791502e-04  3.59607748e-04
   3.43158447e-04  1.81075204e-04  3.57749578e-04  3.88852226e-04
  -4.65939676e-05 -8.30133908e-06]
 [ 2.66102982e-04  5.52897242e-04  2.69640165e-04  1.99241062e-04
   3.19931800e-04  3.07057193e-04  2.57753864e-04  3.01864929e-04
  -6.00156717e-05 -9.44888541e-06]
 [ 2.58791502e-04  2.69640165e-04  5.27421838e-04  2.47205246e-04
   2.87084158e-04  2.48087412e-04  2.45329804e-04  3.41955398e-04
  -8.09972989e-05 -2.06062772e-05]
 [ 3.59607748e-04  1.99241062e-04  2.47205246e-04  6.20857220e-04
   2.40696580e-04  1.51104351e-04  3.08637282e-04  3.62788298e-04
  -5.93602985e-05 -1.51978614e-05]
 [ 3.43158447e-04  3.19931800e-04  2.87084158e-04  2.40696580e-04
   4.64018963e-04  2.61747452e-04  2.91775872e-04  3.20377468e-04
  -2.74124993e-05 -1.86501583e-06]
 [ 1.81075204e-04  3.07057193e-04  2.48087412e-04  1.51104351e-04
   2.61747452e-04  6.66552845e-04  1.97640139e-04  2.62098694e-04
  -8.58748592e-05 -1.59935986e-05]
 [ 3.57749578e-04  2.57753864e-04  2.45329804e-04  3.08637282e-04
   2.91775872e-04  1.97640139e-04  5.08315683e-04  3.43554120e-04
   3.04656649e-05  1.26702029e-05]
 [ 3.88852226e-04  3.01864929e-04  3.41955398e-04  3.62788298e-04
   3.20377468e-04  2.62098694e-04  3.43554120e-04  5.10750990e-04
  -1.49626398e-04 -3.70130508e-05]
 [-4.65939676e-05 -6.00156717e-05 -8.09972989e-05 -5.93602985e-05
  -2.74124993e-05 -8.58748592e-05  3.04656649e-05 -1.49626398e-04
   3.89214408e-04  9.04462346e-05]
 [-8.30133908e-06 -9.44888541e-06 -2.06062772e-05 -1.51978614e-05
  -1.86501583e-06 -1.59935986e-05  1.26702029e-05 -3.70130508e-05
   9.04462346e-05  2.90053201e-05]]","[0.00175368 0.00197563 0.00229402 0.00258883 0.00209029 0.00228027
 0.00209892 0.00219961 0.00150623 0.00065135]","(array([[ 1.        ,  0.47386596,  0.47184455,  0.60431191,  0.66704451,
         0.29367682,  0.66441642,  0.72045683, -0.09889247, -0.06454124],
       [ 0.47386596,  1.        ,  0.49932501,  0.34006409,  0.63163667,
         0.5058011 ,  0.48620142,  0.56804905, -0.1293743 , -0.07461387],
       [ 0.47184455,  0.49932501,  1.        ,  0.43199902,  0.58031301,
         0.4184161 ,  0.47381031,  0.65884886, -0.17877098, -0.16660255],
       [ 0.60431191,  0.34006409,  0.43199902,  1.        ,  0.4484419 ,
         0.23488961,  0.54939634,  0.64424758, -0.12075518, -0.1132525 ],
       [ 0.66704451,  0.63163667,  0.58031301,  0.4484419 ,  1.        ,
         0.47064918,  0.60077902,  0.65809636, -0.06450395, -0.01607592],
       [ 0.29367682,  0.5058011 ,  0.4184161 ,  0.23488961,  0.47064918,
         1.        ,  0.33954012,  0.44920332, -0.16859873, -0.11502442],
       [ 0.66441642,  0.48620142,  0.47381031,  0.54939634,  0.60077902,
         0.33954012,  1.        ,  0.67425441,  0.06849351,  0.10434652],
       [ 0.72045683,  0.56804905,  0.65884886,  0.64424758,  0.65809636,
         0.44920332,  0.67425441,  1.        , -0.33559011, -0.30409651],
       [-0.09889247, -0.1293743 , -0.17877098, -0.12075518, -0.06450395,
        -0.16859873,  0.06849351, -0.33559011,  1.        ,  0.85125016],
       [-0.06454124, -0.07461387, -0.16660255, -0.1132525 , -0.01607592,
        -0.11502442,  0.10434652, -0.30409651,  0.85125016,  1.        ]]), array([0., 0., 0., 0., 0., 0., 0., 0., 0., 0.]))"
Shrinkage Estimator,defensive_plays,None,"[[ 1.          0.47386572  0.47184455  0.60431244  0.66704453  0.29367682
   0.66441611  0.72045631 -0.09889215 -0.06453798]
 [ 0.47386572  1.          0.49932445  0.34006374  0.63163727  0.50580173
   0.48620204  0.56804913 -0.12937453 -0.07461138]
 [ 0.47184455  0.49932445  1.          0.43199913  0.58031265  0.4184161
   0.47381005  0.65884933 -0.17877034 -0.1666008 ]
 [ 0.60431244  0.34006374  0.43199913  1.          0.44844194  0.2348896
   0.54939546  0.64424753 -0.12075585 -0.11324884]
 [ 0.66704453  0.63163727  0.58031265  0.44844194  1.          0.47064939
   0.60077892  0.65809685 -0.06450409 -0.01607083]
 [ 0.29367682  0.50580173  0.4184161   0.2348896   0.47064939  1.
   0.33953949  0.44920371 -0.16859853 -0.1150227 ]
 [ 0.66441611  0.48620204  0.47381005  0.54939546  0.60077892  0.33953949
   1.          0.67425421  0.06849509  0.10435124]
 [ 0.72045631  0.56804913  0.65884933  0.64424753  0.65809685  0.44920371
   0.67425421  1.         -0.33558953 -0.30409374]
 [-0.09889215 -0.12937453 -0.17877034 -0.12075585 -0.06450409 -0.16859853
   0.06849509 -0.33558953  1.          0.85125016]
 [-0.06453798 -0.07461138 -0.1666008  -0.11324884 -0.01607083 -0.1150227
   0.10435124 -0.30409374  0.85125016  1.        ]]","[[ 5.70353399e-04  2.66102542e-04  2.58791502e-04  3.59607955e-04
   3.43158569e-04  1.81075204e-04  3.57749581e-04  3.88851768e-04
  -4.65937626e-05 -8.30090746e-06]
 [ 2.66102542e-04  5.52895983e-04  2.69639558e-04  1.99240575e-04
   3.19931846e-04  3.07057227e-04  2.57754023e-04  3.01864490e-04
  -6.00156406e-05 -9.44854579e-06]
 [ 2.58791502e-04  2.69639558e-04  5.27421838e-04  2.47205237e-04
   2.87084070e-04  2.48087412e-04  2.45329790e-04  3.41955488e-04
  -8.09969097e-05 -2.06060301e-05]
 [ 3.59607955e-04  1.99240575e-04  2.47205237e-04  6.20856845e-04
   2.40696606e-04  1.51104298e-04  3.08636843e-04  3.62788001e-04
  -5.93605384e-05 -1.51973433e-05]
 [ 3.43158569e-04  3.19931846e-04  2.87084070e-04  2.40696606e-04
   4.64019264e-04  2.61747656e-04  2.91776058e-04  3.20377663e-04
  -2.74125358e-05 -1.86442335e-06]
 [ 1.81075204e-04  3.07057227e-04  2.48087412e-04  1.51104298e-04
   2.61747656e-04  6.66552845e-04  1.97639866e-04  2.62098804e-04
  -8.58746529e-05 -1.59933350e-05]
 [ 3.57749581e-04  2.57754023e-04  2.45329790e-04  3.08636843e-04
   2.91776058e-04  1.97639866e-04  5.08316167e-04  3.43554026e-04
   3.04663423e-05  1.26707625e-05]
 [ 3.88851768e-04  3.01864490e-04  3.41955488e-04  3.62788001e-04
   3.20377663e-04  2.62098804e-04  3.43554026e-04  5.10750530e-04
  -1.49625888e-04 -3.70126416e-05]
 [-4.65937626e-05 -6.00156406e-05 -8.09969097e-05 -5.93605384e-05
  -2.74125358e-05 -8.58746529e-05  3.04663423e-05 -1.49625888e-04
   3.89213465e-04  9.04459917e-05]
 [-8.30090746e-06 -9.44854579e-06 -2.06060301e-05 -1.51973433e-05
  -1.86442335e-06 -1.59933350e-05  1.26707625e-05 -3.70126416e-05
   9.04459917e-05  2.90052343e-05]]","[0.00175368 0.00197563 0.00229402 0.00258883 0.00209029 0.00228027
 0.00209892 0.00219961 0.00150623 0.00065135]","(array([[ 1.        ,  0.47386572,  0.47184455,  0.60431244,  0.66704453,
         0.29367682,  0.66441611,  0.72045631, -0.09889215, -0.06453798],
       [ 0.47386572,  1.        ,  0.49932445,  0.34006374,  0.63163727,
         0.50580173,  0.48620204,  0.56804913, -0.12937453, -0.07461138],
       [ 0.47184455,  0.49932445,  1.        ,  0.43199913,  0.58031265,
         0.4184161 ,  0.47381005,  0.65884933, -0.17877034, -0.1666008 ],
       [ 0.60431244,  0.34006374,  0.43199913,  1.        ,  0.44844194,
         0.2348896 ,  0.54939546,  0.64424753, -0.12075585, -0.11324884],
       [ 0.66704453,  0.63163727,  0.58031265,  0.44844194,  1.        ,
         0.47064939,  0.60077892,  0.65809685, -0.06450409, -0.01607083],
       [ 0.29367682,  0.50580173,  0.4184161 ,  0.2348896 ,  0.47064939,
         1.        ,  0.33953949,  0.44920371, -0.16859853, -0.1150227 ],
       [ 0.66441611,  0.48620204,  0.47381005,  0.54939546,  0.60077892,
         0.33953949,  1.        ,  0.67425421,  0.06849509,  0.10435124],
       [ 0.72045631,  0.56804913,  0.65884933,  0.64424753,  0.65809685,
         0.44920371,  0.67425421,  1.        , -0.33558953, -0.30409374],
       [-0.09889215, -0.12937453, -0.17877034, -0.12075585, -0.06450409,
        -0.16859853,  0.06849509, -0.33558953,  1.        ,  0.85125016],
       [-0.06453798, -0.07461138, -0.1666008 , -0.11324884, -0.01607083,
        -0.1150227 ,  0.10435124, -0.30409374,  0.85125016,  1.        ]]), array([0., 0., 0., 0., 0., 0., 0., 0., 0., 0.]))"
MP Distribution,financial_giants,Dwave,"[[1.         0.86326134 0.86760796 0.83931639 0.89363206 0.86159669
  0.74123149 0.49151277 0.52227488 0.9313532 ]
 [0.86326134 1.         0.82466813 0.79651645 0.87287649 0.84500513
  0.76279131 0.45736697 0.48119259 0.89561173]
 [0.86760796 0.82466813 1.         0.77076771 0.86415628 0.88552723
  0.72153649 0.49443829 0.53151959 0.89225929]
 [0.83931639 0.79651645 0.77076771 1.         0.80062957 0.76365345
  0.69234773 0.48348923 0.50073256 0.90124078]
 [0.89363206 0.87287649 0.86415628 0.80062957 1.         0.87888371
  0.72526725 0.55514345 0.59477242 0.93111866]
 [0.86159669 0.84500513 0.88552723 0.76365345 0.87888371 1.
  0.74782492 0.50673373 0.53449042 0.89417788]
 [0.74123149 0.76279131 0.72153649 0.69234773 0.72526725 0.74782492
  1.         0.44562751 0.48051424 0.78417197]
 [0.49151277 0.45736697 0.49443829 0.48348923 0.55514345 0.50673373
  0.44562751 1.         0.87237828 0.60045252]
 [0.52227488 0.48119259 0.53151959 0.50073256 0.59477242 0.53449042
  0.48051424 0.87237828 1.         0.6235778 ]
 [0.9313532  0.89561173 0.89225929 0.90124078 0.93111866 0.89417788
  0.78417197 0.60045252 0.6235778  1.        ]]","[[0.00157644 0.00174177 0.00143819 0.00136961 0.00180081 0.00171163
  0.00136288 0.000644   0.00075852 0.00119376]
 [0.00174177 0.00258238 0.00174961 0.00166356 0.0022513  0.0021485
  0.00179507 0.00076698 0.00089445 0.00146925]
 [0.00143819 0.00174961 0.00174303 0.00132254 0.00183111 0.00184979
  0.00139501 0.0006812  0.00081171 0.00120256]
 [0.00136961 0.00166356 0.00132254 0.00168915 0.00167007 0.00157035
  0.00131772 0.00065574 0.00075278 0.00119575]
 [0.00180081 0.0022513  0.00183111 0.00167007 0.00257597 0.00223187
  0.00170464 0.00092979 0.0011042  0.0015256 ]
 [0.00171163 0.0021485  0.00184979 0.00157035 0.00223187 0.00250342
  0.00173273 0.00083667 0.00097821 0.00144429]
 [0.00136288 0.00179507 0.00139501 0.00131772 0.00170464 0.00173273
  0.00214452 0.000681   0.00081395 0.00117231]
 [0.000644   0.00076698 0.0006812  0.00065574 0.00092979 0.00083667
  0.000681   0.00108898 0.00105303 0.00063967]
 [0.00075852 0.00089445 0.00081171 0.00075278 0.0011042  0.00097821
  0.00081395 0.00105303 0.001338   0.00073635]
 [0.00119376 0.00146925 0.00120256 0.00119575 0.0015256  0.00144429
  0.00117231 0.00063967 0.00073635 0.00104215]]","[0.0023889  0.00125399 0.00106394 0.00061462 0.00076131 0.00175891
 0.00194135 0.00482013 0.00541137 0.00179272]","{'score': 0.01939462591260664, 'recombined_solution': array([0, 0, 0, 1, 1, 1, 0, 1, 1, 0], dtype=object)}"
Shrinkage Estimator,financial_giants,Dwave,"[[1.         0.8632615  0.8676078  0.83931639 0.89363207 0.86159656
  0.74123164 0.49151213 0.52227512 0.93135294]
 [0.8632615  1.         0.82466819 0.7965164  0.87287661 0.84500503
  0.7627913  0.45736617 0.48119229 0.89561204]
 [0.8676078  0.82466819 1.         0.77076798 0.8641559  0.88552693
  0.72153602 0.49443823 0.53151981 0.89225939]
 [0.83931639 0.7965164  0.77076798 1.         0.80062914 0.76365356
  0.69234746 0.48348965 0.50073271 0.90124104]
 [0.89363207 0.87287661 0.8641559  0.80062914 1.         0.87888373
  0.72526743 0.55514331 0.59477284 0.9311188 ]
 [0.86159656 0.84500503 0.88552693 0.76365356 0.87888373 1.
  0.74782479 0.50673332 0.53449053 0.89417767]
 [0.74123164 0.7627913  0.72153602 0.69234746 0.72526743 0.74782479
  1.         0.44562761 0.48051451 0.78417228]
 [0.49151213 0.45736617 0.49443823 0.48348965 0.55514331 0.50673332
  0.44562761 1.         0.87237835 0.60045216]
 [0.52227512 0.48119229 0.53151981 0.50073271 0.59477284 0.53449053
  0.48051451 0.87237835 1.         0.6235781 ]
 [0.93135294 0.89561204 0.89225939 0.90124104 0.9311188  0.89417767
  0.78417228 0.60045216 0.6235781  1.        ]]","[[0.00157644 0.00174177 0.00143818 0.00136961 0.00180081 0.00171163
  0.00136288 0.000644   0.00075852 0.00119376]
 [0.00174177 0.00258238 0.00174961 0.00166356 0.0022513  0.0021485
  0.00179507 0.00076698 0.00089445 0.00146925]
 [0.00143818 0.00174961 0.00174303 0.00132254 0.00183111 0.00184978
  0.00139501 0.0006812  0.00081171 0.00120257]
 [0.00136961 0.00166356 0.00132254 0.00168915 0.00167007 0.00157035
  0.00131772 0.00065574 0.00075278 0.00119575]
 [0.00180081 0.0022513  0.00183111 0.00167007 0.00257597 0.00223187
  0.00170464 0.00092979 0.0011042  0.0015256 ]
 [0.00171163 0.0021485  0.00184978 0.00157035 0.00223187 0.00250342
  0.00173273 0.00083667 0.00097822 0.00144429]
 [0.00136288 0.00179507 0.00139501 0.00131772 0.00170464 0.00173273
  0.00214452 0.000681   0.00081395 0.00117231]
 [0.000644   0.00076698 0.0006812  0.00065574 0.00092979 0.00083667
  0.000681   0.00108898 0.00105303 0.00063967]
 [0.00075852 0.00089445 0.00081171 0.00075278 0.0011042  0.00097822
  0.00081395 0.00105303 0.001338   0.00073635]
 [0.00119376 0.00146925 0.00120257 0.00119575 0.0015256  0.00144429
  0.00117231 0.00063967 0.00073635 0.00104215]]","[0.0023889  0.00125399 0.00106394 0.00061462 0.00076132 0.00175891
 0.00194135 0.00482013 0.00541137 0.00179272]","{'score': 0.019767269877852107, 'recombined_solution': array([1, 1, 1, 0, 0, 0, 0, 1, 0, 1], dtype=object)}"
MP Distribution,financial_giants,Gurobi,"[[1.         0.86326134 0.86760796 0.83931639 0.89363206 0.86159669
  0.74123149 0.49151277 0.52227488 0.9313532 ]
 [0.86326134 1.         0.82466813 0.79651645 0.87287649 0.84500513
  0.76279131 0.45736697 0.48119259 0.89561173]
 [0.86760796 0.82466813 1.         0.77076771 0.86415628 0.88552723
  0.72153649 0.49443829 0.53151959 0.89225929]
 [0.83931639 0.79651645 0.77076771 1.         0.80062957 0.76365345
  0.69234773 0.48348923 0.50073256 0.90124078]
 [0.89363206 0.87287649 0.86415628 0.80062957 1.         0.87888371
  0.72526725 0.55514345 0.59477242 0.93111866]
 [0.86159669 0.84500513 0.88552723 0.76365345 0.87888371 1.
  0.74782492 0.50673373 0.53449042 0.89417788]
 [0.74123149 0.76279131 0.72153649 0.69234773 0.72526725 0.74782492
  1.         0.44562751 0.48051424 0.78417197]
 [0.49151277 0.45736697 0.49443829 0.48348923 0.55514345 0.50673373
  0.44562751 1.         0.87237828 0.60045252]
 [0.52227488 0.48119259 0.53151959 0.50073256 0.59477242 0.53449042
  0.48051424 0.87237828 1.         0.6235778 ]
 [0.9313532  0.89561173 0.89225929 0.90124078 0.93111866 0.89417788
  0.78417197 0.60045252 0.6235778  1.        ]]","[[0.00157644 0.00174177 0.00143819 0.00136961 0.00180081 0.00171163
  0.00136288 0.000644   0.00075852 0.00119376]
 [0.00174177 0.00258238 0.00174961 0.00166356 0.0022513  0.0021485
  0.00179507 0.00076698 0.00089445 0.00146925]
 [0.00143819 0.00174961 0.00174303 0.00132254 0.00183111 0.00184979
  0.00139501 0.0006812  0.00081171 0.00120256]
 [0.00136961 0.00166356 0.00132254 0.00168915 0.00167007 0.00157035
  0.00131772 0.00065574 0.00075278 0.00119575]
 [0.00180081 0.0022513  0.00183111 0.00167007 0.00257597 0.00223187
  0.00170464 0.00092979 0.0011042  0.0015256 ]
 [0.00171163 0.0021485  0.00184979 0.00157035 0.00223187 0.00250342
  0.00173273 0.00083667 0.00097821 0.00144429]
 [0.00136288 0.00179507 0.00139501 0.00131772 0.00170464 0.00173273
  0.00214452 0.000681   0.00081395 0.00117231]
 [0.000644   0.00076698 0.0006812  0.00065574 0.00092979 0.00083667
  0.000681   0.00108898 0.00105303 0.00063967]
 [0.00075852 0.00089445 0.00081171 0.00075278 0.0011042  0.00097821
  0.00081395 0.00105303 0.001338   0.00073635]
 [0.00119376 0.00146925 0.00120256 0.00119575 0.0015256  0.00144429
  0.00117231 0.00063967 0.00073635 0.00104215]]","[0.0023889  0.00125399 0.00106394 0.00061462 0.00076131 0.00175891
 0.00194135 0.00482013 0.00541137 0.00179272]","{'score': 0.008946538597924499, 'recombined_solution': array([1.0, 0.0, 0.0, 0.0, 0.0, 0.0, 1.0, 1.0, 1.0, 1.0], dtype=object)}"
Shrinkage Estimator,financial_giants,Gurobi,"[[1.         0.8632615  0.8676078  0.83931639 0.89363207 0.86159656
  0.74123164 0.49151213 0.52227512 0.93135294]
 [0.8632615  1.         0.82466819 0.7965164  0.87287661 0.84500503
  0.7627913  0.45736617 0.48119229 0.89561204]
 [0.8676078  0.82466819 1.         0.77076798 0.8641559  0.88552693
  0.72153602 0.49443823 0.53151981 0.89225939]
 [0.83931639 0.7965164  0.77076798 1.         0.80062914 0.76365356
  0.69234746 0.48348965 0.50073271 0.90124104]
 [0.89363207 0.87287661 0.8641559  0.80062914 1.         0.87888373
  0.72526743 0.55514331 0.59477284 0.9311188 ]
 [0.86159656 0.84500503 0.88552693 0.76365356 0.87888373 1.
  0.74782479 0.50673332 0.53449053 0.89417767]
 [0.74123164 0.7627913  0.72153602 0.69234746 0.72526743 0.74782479
  1.         0.44562761 0.48051451 0.78417228]
 [0.49151213 0.45736617 0.49443823 0.48348965 0.55514331 0.50673332
  0.44562761 1.         0.87237835 0.60045216]
 [0.52227512 0.48119229 0.53151981 0.50073271 0.59477284 0.53449053
  0.48051451 0.87237835 1.         0.6235781 ]
 [0.93135294 0.89561204 0.89225939 0.90124104 0.9311188  0.89417767
  0.78417228 0.60045216 0.6235781  1.        ]]","[[0.00157644 0.00174177 0.00143818 0.00136961 0.00180081 0.00171163
  0.00136288 0.000644   0.00075852 0.00119376]
 [0.00174177 0.00258238 0.00174961 0.00166356 0.0022513  0.0021485
  0.00179507 0.00076698 0.00089445 0.00146925]
 [0.00143818 0.00174961 0.00174303 0.00132254 0.00183111 0.00184978
  0.00139501 0.0006812  0.00081171 0.00120257]
 [0.00136961 0.00166356 0.00132254 0.00168915 0.00167007 0.00157035
  0.00131772 0.00065574 0.00075278 0.00119575]
 [0.00180081 0.0022513  0.00183111 0.00167007 0.00257597 0.00223187
  0.00170464 0.00092979 0.0011042  0.0015256 ]
 [0.00171163 0.0021485  0.00184978 0.00157035 0.00223187 0.00250342
  0.00173273 0.00083667 0.00097822 0.00144429]
 [0.00136288 0.00179507 0.00139501 0.00131772 0.00170464 0.00173273
  0.00214452 0.000681   0.00081395 0.00117231]
 [0.000644   0.00076698 0.0006812  0.00065574 0.00092979 0.00083667
  0.000681   0.00108898 0.00105303 0.00063967]
 [0.00075852 0.00089445 0.00081171 0.00075278 0.0011042  0.00097822
  0.00081395 0.00105303 0.001338   0.00073635]
 [0.00119376 0.00146925 0.00120257 0.00119575 0.0015256  0.00144429
  0.00117231 0.00063967 0.00073635 0.00104215]]","[0.0023889  0.00125399 0.00106394 0.00061462 0.00076132 0.00175891
 0.00194135 0.00482013 0.00541137 0.00179272]","{'score': 0.008946553950387511, 'recombined_solution': array([1.0, 0.0, 0.0, 0.0, 0.0, 0.0, 1.0, 1.0, 1.0, 1.0], dtype=object)}"
MP Distribution,financial_giants,None,"[[1.         0.86326134 0.86760796 0.83931639 0.89363206 0.86159669
  0.74123149 0.49151277 0.52227488 0.9313532 ]
 [0.86326134 1.         0.82466813 0.79651645 0.87287649 0.84500513
  0.76279131 0.45736697 0.48119259 0.89561173]
 [0.86760796 0.82466813 1.         0.77076771 0.86415628 0.88552723
  0.72153649 0.49443829 0.53151959 0.89225929]
 [0.83931639 0.79651645 0.77076771 1.         0.80062957 0.76365345
  0.69234773 0.48348923 0.50073256 0.90124078]
 [0.89363206 0.87287649 0.86415628 0.80062957 1.         0.87888371
  0.72526725 0.55514345 0.59477242 0.93111866]
 [0.86159669 0.84500513 0.88552723 0.76365345 0.87888371 1.
  0.74782492 0.50673373 0.53449042 0.89417788]
 [0.74123149 0.76279131 0.72153649 0.69234773 0.72526725 0.74782492
  1.         0.44562751 0.48051424 0.78417197]
 [0.49151277 0.45736697 0.49443829 0.48348923 0.55514345 0.50673373
  0.44562751 1.         0.87237828 0.60045252]
 [0.52227488 0.48119259 0.53151959 0.50073256 0.59477242 0.53449042
  0.48051424 0.87237828 1.         0.6235778 ]
 [0.9313532  0.89561173 0.89225929 0.90124078 0.93111866 0.89417788
  0.78417197 0.60045252 0.6235778  1.        ]]","[[0.00157644 0.00174177 0.00143819 0.00136961 0.00180081 0.00171163
  0.00136288 0.000644   0.00075852 0.00119376]
 [0.00174177 0.00258238 0.00174961 0.00166356 0.0022513  0.0021485
  0.00179507 0.00076698 0.00089445 0.00146925]
 [0.00143819 0.00174961 0.00174303 0.00132254 0.00183111 0.00184979
  0.00139501 0.0006812  0.00081171 0.00120256]
 [0.00136961 0.00166356 0.00132254 0.00168915 0.00167007 0.00157035
  0.00131772 0.00065574 0.00075278 0.00119575]
 [0.00180081 0.0022513  0.00183111 0.00167007 0.00257597 0.00223187
  0.00170464 0.00092979 0.0011042  0.0015256 ]
 [0.00171163 0.0021485  0.00184979 0.00157035 0.00223187 0.00250342
  0.00173273 0.00083667 0.00097821 0.00144429]
 [0.00136288 0.00179507 0.00139501 0.00131772 0.00170464 0.00173273
  0.00214452 0.000681   0.00081395 0.00117231]
 [0.000644   0.00076698 0.0006812  0.00065574 0.00092979 0.00083667
  0.000681   0.00108898 0.00105303 0.00063967]
 [0.00075852 0.00089445 0.00081171 0.00075278 0.0011042  0.00097821
  0.00081395 0.00105303 0.001338   0.00073635]
 [0.00119376 0.00146925 0.00120256 0.00119575 0.0015256  0.00144429
  0.00117231 0.00063967 0.00073635 0.00104215]]","[0.0023889  0.00125399 0.00106394 0.00061462 0.00076131 0.00175891
 0.00194135 0.00482013 0.00541137 0.00179272]","(array([[1.        , 0.86326134, 0.86760796, 0.83931639, 0.89363206,
        0.86159669, 0.74123149, 0.49151277, 0.52227488, 0.9313532 ],
       [0.86326134, 1.        , 0.82466813, 0.79651645, 0.87287649,
        0.84500513, 0.76279131, 0.45736697, 0.48119259, 0.89561173],
       [0.86760796, 0.82466813, 1.        , 0.77076771, 0.86415628,
        0.88552723, 0.72153649, 0.49443829, 0.53151959, 0.89225929],
       [0.83931639, 0.79651645, 0.77076771, 1.        , 0.80062957,
        0.76365345, 0.69234773, 0.48348923, 0.50073256, 0.90124078],
       [0.89363206, 0.87287649, 0.86415628, 0.80062957, 1.        ,
        0.87888371, 0.72526725, 0.55514345, 0.59477242, 0.93111866],
       [0.86159669, 0.84500513, 0.88552723, 0.76365345, 0.87888371,
        1.        , 0.74782492, 0.50673373, 0.53449042, 0.89417788],
       [0.74123149, 0.76279131, 0.72153649, 0.69234773, 0.72526725,
        0.74782492, 1.        , 0.44562751, 0.48051424, 0.78417197],
       [0.49151277, 0.45736697, 0.49443829, 0.48348923, 0.55514345,
        0.50673373, 0.44562751, 1.        , 0.87237828, 0.60045252],
       [0.52227488, 0.48119259, 0.53151959, 0.50073256, 0.59477242,
        0.53449042, 0.48051424, 0.87237828, 1.        , 0.6235778 ],
       [0.9313532 , 0.89561173, 0.89225929, 0.90124078, 0.93111866,
        0.89417788, 0.78417197, 0.60045252, 0.6235778 , 1.        ]]), array([0., 0., 0., 0., 0., 0., 0., 0., 0., 0.]))"
Shrinkage Estimator,financial_giants,None,"[[1.         0.8632615  0.8676078  0.83931639 0.89363207 0.86159656
  0.74123164 0.49151213 0.52227512 0.93135294]
 [0.8632615  1.         0.82466819 0.7965164  0.87287661 0.84500503
  0.7627913  0.45736617 0.48119229 0.89561204]
 [0.8676078  0.82466819 1.         0.77076798 0.8641559  0.88552693
  0.72153602 0.49443823 0.53151981 0.89225939]
 [0.83931639 0.7965164  0.77076798 1.         0.80062914 0.76365356
  0.69234746 0.48348965 0.50073271 0.90124104]
 [0.89363207 0.87287661 0.8641559  0.80062914 1.         0.87888373
  0.72526743 0.55514331 0.59477284 0.9311188 ]
 [0.86159656 0.84500503 0.88552693 0.76365356 0.87888373 1.
  0.74782479 0.50673332 0.53449053 0.89417767]
 [0.74123164 0.7627913  0.72153602 0.69234746 0.72526743 0.74782479
  1.         0.44562761 0.48051451 0.78417228]
 [0.49151213 0.45736617 0.49443823 0.48348965 0.55514331 0.50673332
  0.44562761 1.         0.87237835 0.60045216]
 [0.52227512 0.48119229 0.53151981 0.50073271 0.59477284 0.53449053
  0.48051451 0.87237835 1.         0.6235781 ]
 [0.93135294 0.89561204 0.89225939 0.90124104 0.9311188  0.89417767
  0.78417228 0.60045216 0.6235781  1.        ]]","[[0.00157644 0.00174177 0.00143818 0.00136961 0.00180081 0.00171163
  0.00136288 0.000644   0.00075852 0.00119376]
 [0.00174177 0.00258238 0.00174961 0.00166356 0.0022513  0.0021485
  0.00179507 0.00076698 0.00089445 0.00146925]
 [0.00143818 0.00174961 0.00174303 0.00132254 0.00183111 0.00184978
  0.00139501 0.0006812  0.00081171 0.00120257]
 [0.00136961 0.00166356 0.00132254 0.00168915 0.00167007 0.00157035
  0.00131772 0.00065574 0.00075278 0.00119575]
 [0.00180081 0.0022513  0.00183111 0.00167007 0.00257597 0.00223187
  0.00170464 0.00092979 0.0011042  0.0015256 ]
 [0.00171163 0.0021485  0.00184978 0.00157035 0.00223187 0.00250342
  0.00173273 0.00083667 0.00097822 0.00144429]
 [0.00136288 0.00179507 0.00139501 0.00131772 0.00170464 0.00173273
  0.00214452 0.000681   0.00081395 0.00117231]
 [0.000644   0.00076698 0.0006812  0.00065574 0.00092979 0.00083667
  0.000681   0.00108898 0.00105303 0.00063967]
 [0.00075852 0.00089445 0.00081171 0.00075278 0.0011042  0.00097822
  0.00081395 0.00105303 0.001338   0.00073635]
 [0.00119376 0.00146925 0.00120257 0.00119575 0.0015256  0.00144429
  0.00117231 0.00063967 0.00073635 0.00104215]]","[0.0023889  0.00125399 0.00106394 0.00061462 0.00076132 0.00175891
 0.00194135 0.00482013 0.00541137 0.00179272]","(array([[1.        , 0.8632615 , 0.8676078 , 0.83931639, 0.89363207,
        0.86159656, 0.74123164, 0.49151213, 0.52227512, 0.93135294],
       [0.8632615 , 1.        , 0.82466819, 0.7965164 , 0.87287661,
        0.84500503, 0.7627913 , 0.45736617, 0.48119229, 0.89561204],
       [0.8676078 , 0.82466819, 1.        , 0.77076798, 0.8641559 ,
        0.88552693, 0.72153602, 0.49443823, 0.53151981, 0.89225939],
       [0.83931639, 0.7965164 , 0.77076798, 1.        , 0.80062914,
        0.76365356, 0.69234746, 0.48348965, 0.50073271, 0.90124104],
       [0.89363207, 0.87287661, 0.8641559 , 0.80062914, 1.        ,
        0.87888373, 0.72526743, 0.55514331, 0.59477284, 0.9311188 ],
       [0.86159656, 0.84500503, 0.88552693, 0.76365356, 0.87888373,
        1.        , 0.74782479, 0.50673332, 0.53449053, 0.89417767],
       [0.74123164, 0.7627913 , 0.72153602, 0.69234746, 0.72526743,
        0.74782479, 1.        , 0.44562761, 0.48051451, 0.78417228],
       [0.49151213, 0.45736617, 0.49443823, 0.48348965, 0.55514331,
        0.50673332, 0.44562761, 1.        , 0.87237835, 0.60045216],
       [0.52227512, 0.48119229, 0.53151981, 0.50073271, 0.59477284,
        0.53449053, 0.48051451, 0.87237835, 1.        , 0.6235781 ],
       [0.93135294, 0.89561204, 0.89225939, 0.90124104, 0.9311188 ,
        0.89417767, 0.78417228, 0.60045216, 0.6235781 , 1.        ]]), array([0., 0., 0., 0., 0., 0., 0., 0., 0., 0.]))"
MP Distribution,healthcare_leaders,Dwave,"[[1.         0.44964085 0.48564558 0.42519861 0.38325452 0.34891569
  0.35316876 0.44782142 0.39494802 0.69736197]
 [0.44964085 1.         0.58140151 0.54061569 0.3602463  0.51083914
  0.45012333 0.52174434 0.30888133 0.73229523]
 [0.48564558 0.58140151 1.         0.61091667 0.43565668 0.53937577
  0.49050805 0.51822464 0.38697305 0.77530487]
 [0.42519861 0.54061569 0.61091667 1.         0.40523927 0.51628349
  0.39749917 0.53556285 0.35457014 0.72870552]
 [0.38325452 0.3602463  0.43565668 0.40523927 1.         0.36638614
  0.4227131  0.50298253 0.37655221 0.63075146]
 [0.34891569 0.51083914 0.53937577 0.51628349 0.36638614 1.
  0.4299451  0.48357026 0.31336307 0.63692063]
 [0.35316876 0.45012333 0.49050805 0.39749917 0.4227131  0.4299451
  1.         0.38906336 0.27012661 0.59487329]
 [0.44782142 0.52174434 0.51822464 0.53556285 0.50298253 0.48357026
  0.38906336 1.         0.51794239 0.75295686]
 [0.39494802 0.30888133 0.38697305 0.35457014 0.37655221 0.31336307
  0.27012661 0.51794239 1.         0.57162269]
 [0.69736197 0.73229523 0.77530487 0.72870552 0.63075146 0.63692063
  0.59487329 0.75295686 0.57162269 1.        ]]","[[0.00124118 0.0003638  0.0004722  0.00041035 0.00052331 0.00036135
  0.00040989 0.00048851 0.00063387 0.00056471]
 [0.0003638  0.00052742 0.00036851 0.0003401  0.00033307 0.00034487
  0.00034054 0.00037102 0.00032316 0.00038656]
 [0.0004722  0.00036851 0.00076169 0.00046187 0.00047343 0.00043759
  0.00044596 0.00044286 0.00048654 0.00049182]
 [0.00041035 0.0003401  0.00046187 0.00075039 0.00042652 0.00041574
  0.00035871 0.00045426 0.00044248 0.00045882]
 [0.00052331 0.00033307 0.00047343 0.00042652 0.00149606 0.00043354
  0.0005738  0.00057071 0.00067351 0.00057478]
 [0.00036135 0.00034487 0.00043759 0.00041574 0.00043354 0.00086412
  0.00041635 0.00044015 0.00041964 0.00043035]
 [0.00040989 0.00034054 0.00044596 0.00035871 0.0005738  0.00041635
  0.00108524 0.00039686 0.00040539 0.00045044]
 [0.00048851 0.00037102 0.00044286 0.00045426 0.00057071 0.00044015
  0.00039686 0.00095876 0.0007306  0.00053588]
 [0.00063387 0.00032316 0.00048654 0.00044248 0.00067351 0.00041964
  0.00040539 0.0007306  0.00207533 0.00059855]
 [0.00056471 0.00038656 0.00049182 0.00045882 0.00057478 0.00043035
  0.00045044 0.00053588 0.00059855 0.00052831]]","[0.00496265 0.00229402 0.00238308 0.00225887 0.0034712  0.00382415
 0.00230202 0.00402786 0.00332432 0.00285037]","{'score': -0.0032707805919798133, 'recombined_solution': array([0, 1, 0, 1, 0, 1, 0, 1, 0, 1], dtype=object)}"
Shrinkage Estimator,healthcare_leaders,Dwave,"[[1.         0.4496405  0.48564591 0.42519883 0.38325528 0.3489142
  0.35316814 0.44782098 0.39494783 0.69736097]
 [0.4496405  1.         0.5814011  0.54061583 0.36024609 0.51083872
  0.4501239  0.52174445 0.30888133 0.73229517]
 [0.48564591 0.5814011  1.         0.61091681 0.43565646 0.53937505
  0.49050788 0.5182247  0.38697259 0.77530426]
 [0.42519883 0.54061583 0.61091681 1.         0.40523851 0.51628342
  0.39749997 0.53556275 0.35456948 0.72870613]
 [0.38325528 0.36024609 0.43565646 0.40523851 1.         0.36638562
  0.42271278 0.50298171 0.37655166 0.63075054]
 [0.3489142  0.51083872 0.53937505 0.51628342 0.36638562 1.
  0.42994531 0.48357072 0.31336334 0.63692   ]
 [0.35316814 0.4501239  0.49050788 0.39749997 0.42271278 0.42994531
  1.         0.38906293 0.27012648 0.59487353]
 [0.44782098 0.52174445 0.5182247  0.53556275 0.50298171 0.48357072
  0.38906293 1.         0.51794273 0.75295687]
 [0.39494783 0.30888133 0.38697259 0.35456948 0.37655166 0.31336334
  0.27012648 0.51794273 1.         0.57162336]
 [0.69736097 0.73229517 0.77530426 0.72870613 0.63075054 0.63692
  0.59487353 0.75295687 0.57162336 1.        ]]","[[0.00124118 0.0003638  0.0004722  0.00041035 0.00052331 0.00036135
  0.00040988 0.00048851 0.00063387 0.0005647 ]
 [0.0003638  0.00052742 0.00036851 0.0003401  0.00033307 0.00034487
  0.00034054 0.00037102 0.00032316 0.00038656]
 [0.0004722  0.00036851 0.00076169 0.00046187 0.00047343 0.00043759
  0.00044596 0.00044286 0.00048654 0.00049182]
 [0.00041035 0.0003401  0.00046187 0.00075039 0.00042652 0.00041574
  0.00035871 0.00045426 0.00044247 0.00045882]
 [0.00052331 0.00033307 0.00047343 0.00042652 0.00149606 0.00043354
  0.0005738  0.00057071 0.00067351 0.00057478]
 [0.00036135 0.00034487 0.00043759 0.00041574 0.00043354 0.00086412
  0.00041635 0.00044015 0.00041964 0.00043035]
 [0.00040988 0.00034054 0.00044596 0.00035871 0.0005738  0.00041635
  0.00108524 0.00039686 0.00040539 0.00045044]
 [0.00048851 0.00037102 0.00044286 0.00045426 0.00057071 0.00044015
  0.00039686 0.00095876 0.0007306  0.00053588]
 [0.00063387 0.00032316 0.00048654 0.00044247 0.00067351 0.00041964
  0.00040539 0.0007306  0.00207533 0.00059855]
 [0.0005647  0.00038656 0.00049182 0.00045882 0.00057478 0.00043035
  0.00045044 0.00053588 0.00059855 0.00052831]]","[0.00496265 0.00229402 0.00238308 0.00225887 0.0034712  0.00382415
 0.00230203 0.00402786 0.00332432 0.00285037]","{'score': 0.0005862952053971929, 'recombined_solution': array([0, 0, 1, 1, 0, 0, 1, 1, 1, 0], dtype=object)}"
MP Distribution,healthcare_leaders,Gurobi,"[[1.         0.44964085 0.48564558 0.42519861 0.38325452 0.34891569
  0.35316876 0.44782142 0.39494802 0.69736197]
 [0.44964085 1.         0.58140151 0.54061569 0.3602463  0.51083914
  0.45012333 0.52174434 0.30888133 0.73229523]
 [0.48564558 0.58140151 1.         0.61091667 0.43565668 0.53937577
  0.49050805 0.51822464 0.38697305 0.77530487]
 [0.42519861 0.54061569 0.61091667 1.         0.40523927 0.51628349
  0.39749917 0.53556285 0.35457014 0.72870552]
 [0.38325452 0.3602463  0.43565668 0.40523927 1.         0.36638614
  0.4227131  0.50298253 0.37655221 0.63075146]
 [0.34891569 0.51083914 0.53937577 0.51628349 0.36638614 1.
  0.4299451  0.48357026 0.31336307 0.63692063]
 [0.35316876 0.45012333 0.49050805 0.39749917 0.4227131  0.4299451
  1.         0.38906336 0.27012661 0.59487329]
 [0.44782142 0.52174434 0.51822464 0.53556285 0.50298253 0.48357026
  0.38906336 1.         0.51794239 0.75295686]
 [0.39494802 0.30888133 0.38697305 0.35457014 0.37655221 0.31336307
  0.27012661 0.51794239 1.         0.57162269]
 [0.69736197 0.73229523 0.77530487 0.72870552 0.63075146 0.63692063
  0.59487329 0.75295686 0.57162269 1.        ]]","[[0.00124118 0.0003638  0.0004722  0.00041035 0.00052331 0.00036135
  0.00040989 0.00048851 0.00063387 0.00056471]
 [0.0003638  0.00052742 0.00036851 0.0003401  0.00033307 0.00034487
  0.00034054 0.00037102 0.00032316 0.00038656]
 [0.0004722  0.00036851 0.00076169 0.00046187 0.00047343 0.00043759
  0.00044596 0.00044286 0.00048654 0.00049182]
 [0.00041035 0.0003401  0.00046187 0.00075039 0.00042652 0.00041574
  0.00035871 0.00045426 0.00044248 0.00045882]
 [0.00052331 0.00033307 0.00047343 0.00042652 0.00149606 0.00043354
  0.0005738  0.00057071 0.00067351 0.00057478]
 [0.00036135 0.00034487 0.00043759 0.00041574 0.00043354 0.00086412
  0.00041635 0.00044015 0.00041964 0.00043035]
 [0.00040989 0.00034054 0.00044596 0.00035871 0.0005738  0.00041635
  0.00108524 0.00039686 0.00040539 0.00045044]
 [0.00048851 0.00037102 0.00044286 0.00045426 0.00057071 0.00044015
  0.00039686 0.00095876 0.0007306  0.00053588]
 [0.00063387 0.00032316 0.00048654 0.00044248 0.00067351 0.00041964
  0.00040539 0.0007306  0.00207533 0.00059855]
 [0.00056471 0.00038656 0.00049182 0.00045882 0.00057478 0.00043035
  0.00045044 0.00053588 0.00059855 0.00052831]]","[0.00496265 0.00229402 0.00238308 0.00225887 0.0034712  0.00382415
 0.00230202 0.00402786 0.00332432 0.00285037]","{'score': -0.00526488192631475, 'recombined_solution': array([1.0, 1.0, 0.0, 0.0, 0.0, 1.0, 0.0, 1.0, 0.0, 1.0], dtype=object)}"
Shrinkage Estimator,healthcare_leaders,Gurobi,"[[1.         0.4496405  0.48564591 0.42519883 0.38325528 0.3489142
  0.35316814 0.44782098 0.39494783 0.69736097]
 [0.4496405  1.         0.5814011  0.54061583 0.36024609 0.51083872
  0.4501239  0.52174445 0.30888133 0.73229517]
 [0.48564591 0.5814011  1.         0.61091681 0.43565646 0.53937505
  0.49050788 0.5182247  0.38697259 0.77530426]
 [0.42519883 0.54061583 0.61091681 1.         0.40523851 0.51628342
  0.39749997 0.53556275 0.35456948 0.72870613]
 [0.38325528 0.36024609 0.43565646 0.40523851 1.         0.36638562
  0.42271278 0.50298171 0.37655166 0.63075054]
 [0.3489142  0.51083872 0.53937505 0.51628342 0.36638562 1.
  0.42994531 0.48357072 0.31336334 0.63692   ]
 [0.35316814 0.4501239  0.49050788 0.39749997 0.42271278 0.42994531
  1.         0.38906293 0.27012648 0.59487353]
 [0.44782098 0.52174445 0.5182247  0.53556275 0.50298171 0.48357072
  0.38906293 1.         0.51794273 0.75295687]
 [0.39494783 0.30888133 0.38697259 0.35456948 0.37655166 0.31336334
  0.27012648 0.51794273 1.         0.57162336]
 [0.69736097 0.73229517 0.77530426 0.72870613 0.63075054 0.63692
  0.59487353 0.75295687 0.57162336 1.        ]]","[[0.00124118 0.0003638  0.0004722  0.00041035 0.00052331 0.00036135
  0.00040988 0.00048851 0.00063387 0.0005647 ]
 [0.0003638  0.00052742 0.00036851 0.0003401  0.00033307 0.00034487
  0.00034054 0.00037102 0.00032316 0.00038656]
 [0.0004722  0.00036851 0.00076169 0.00046187 0.00047343 0.00043759
  0.00044596 0.00044286 0.00048654 0.00049182]
 [0.00041035 0.0003401  0.00046187 0.00075039 0.00042652 0.00041574
  0.00035871 0.00045426 0.00044247 0.00045882]
 [0.00052331 0.00033307 0.00047343 0.00042652 0.00149606 0.00043354
  0.0005738  0.00057071 0.00067351 0.00057478]
 [0.00036135 0.00034487 0.00043759 0.00041574 0.00043354 0.00086412
  0.00041635 0.00044015 0.00041964 0.00043035]
 [0.00040988 0.00034054 0.00044596 0.00035871 0.0005738  0.00041635
  0.00108524 0.00039686 0.00040539 0.00045044]
 [0.00048851 0.00037102 0.00044286 0.00045426 0.00057071 0.00044015
  0.00039686 0.00095876 0.0007306  0.00053588]
 [0.00063387 0.00032316 0.00048654 0.00044247 0.00067351 0.00041964
  0.00040539 0.0007306  0.00207533 0.00059855]
 [0.0005647  0.00038656 0.00049182 0.00045882 0.00057478 0.00043035
  0.00045044 0.00053588 0.00059855 0.00052831]]","[0.00496265 0.00229402 0.00238308 0.00225887 0.0034712  0.00382415
 0.00230203 0.00402786 0.00332432 0.00285037]","{'score': -0.005264885728662716, 'recombined_solution': array([1.0, 1.0, 0.0, 0.0, 0.0, 1.0, 0.0, 1.0, 0.0, 1.0], dtype=object)}"
MP Distribution,healthcare_leaders,None,"[[1.         0.44964085 0.48564558 0.42519861 0.38325452 0.34891569
  0.35316876 0.44782142 0.39494802 0.69736197]
 [0.44964085 1.         0.58140151 0.54061569 0.3602463  0.51083914
  0.45012333 0.52174434 0.30888133 0.73229523]
 [0.48564558 0.58140151 1.         0.61091667 0.43565668 0.53937577
  0.49050805 0.51822464 0.38697305 0.77530487]
 [0.42519861 0.54061569 0.61091667 1.         0.40523927 0.51628349
  0.39749917 0.53556285 0.35457014 0.72870552]
 [0.38325452 0.3602463  0.43565668 0.40523927 1.         0.36638614
  0.4227131  0.50298253 0.37655221 0.63075146]
 [0.34891569 0.51083914 0.53937577 0.51628349 0.36638614 1.
  0.4299451  0.48357026 0.31336307 0.63692063]
 [0.35316876 0.45012333 0.49050805 0.39749917 0.4227131  0.4299451
  1.         0.38906336 0.27012661 0.59487329]
 [0.44782142 0.52174434 0.51822464 0.53556285 0.50298253 0.48357026
  0.38906336 1.         0.51794239 0.75295686]
 [0.39494802 0.30888133 0.38697305 0.35457014 0.37655221 0.31336307
  0.27012661 0.51794239 1.         0.57162269]
 [0.69736197 0.73229523 0.77530487 0.72870552 0.63075146 0.63692063
  0.59487329 0.75295686 0.57162269 1.        ]]","[[0.00124118 0.0003638  0.0004722  0.00041035 0.00052331 0.00036135
  0.00040989 0.00048851 0.00063387 0.00056471]
 [0.0003638  0.00052742 0.00036851 0.0003401  0.00033307 0.00034487
  0.00034054 0.00037102 0.00032316 0.00038656]
 [0.0004722  0.00036851 0.00076169 0.00046187 0.00047343 0.00043759
  0.00044596 0.00044286 0.00048654 0.00049182]
 [0.00041035 0.0003401  0.00046187 0.00075039 0.00042652 0.00041574
  0.00035871 0.00045426 0.00044248 0.00045882]
 [0.00052331 0.00033307 0.00047343 0.00042652 0.00149606 0.00043354
  0.0005738  0.00057071 0.00067351 0.00057478]
 [0.00036135 0.00034487 0.00043759 0.00041574 0.00043354 0.00086412
  0.00041635 0.00044015 0.00041964 0.00043035]
 [0.00040989 0.00034054 0.00044596 0.00035871 0.0005738  0.00041635
  0.00108524 0.00039686 0.00040539 0.00045044]
 [0.00048851 0.00037102 0.00044286 0.00045426 0.00057071 0.00044015
  0.00039686 0.00095876 0.0007306  0.00053588]
 [0.00063387 0.00032316 0.00048654 0.00044248 0.00067351 0.00041964
  0.00040539 0.0007306  0.00207533 0.00059855]
 [0.00056471 0.00038656 0.00049182 0.00045882 0.00057478 0.00043035
  0.00045044 0.00053588 0.00059855 0.00052831]]","[0.00496265 0.00229402 0.00238308 0.00225887 0.0034712  0.00382415
 0.00230202 0.00402786 0.00332432 0.00285037]","(array([[1.        , 0.44964085, 0.48564558, 0.42519861, 0.38325452,
        0.34891569, 0.35316876, 0.44782142, 0.39494802, 0.69736197],
       [0.44964085, 1.        , 0.58140151, 0.54061569, 0.3602463 ,
        0.51083914, 0.45012333, 0.52174434, 0.30888133, 0.73229523],
       [0.48564558, 0.58140151, 1.        , 0.61091667, 0.43565668,
        0.53937577, 0.49050805, 0.51822464, 0.38697305, 0.77530487],
       [0.42519861, 0.54061569, 0.61091667, 1.        , 0.40523927,
        0.51628349, 0.39749917, 0.53556285, 0.35457014, 0.72870552],
       [0.38325452, 0.3602463 , 0.43565668, 0.40523927, 1.        ,
        0.36638614, 0.4227131 , 0.50298253, 0.37655221, 0.63075146],
       [0.34891569, 0.51083914, 0.53937577, 0.51628349, 0.36638614,
        1.        , 0.4299451 , 0.48357026, 0.31336307, 0.63692063],
       [0.35316876, 0.45012333, 0.49050805, 0.39749917, 0.4227131 ,
        0.4299451 , 1.        , 0.38906336, 0.27012661, 0.59487329],
       [0.44782142, 0.52174434, 0.51822464, 0.53556285, 0.50298253,
        0.48357026, 0.38906336, 1.        , 0.51794239, 0.75295686],
       [0.39494802, 0.30888133, 0.38697305, 0.35457014, 0.37655221,
        0.31336307, 0.27012661, 0.51794239, 1.        , 0.57162269],
       [0.69736197, 0.73229523, 0.77530487, 0.72870552, 0.63075146,
        0.63692063, 0.59487329, 0.75295686, 0.57162269, 1.        ]]), array([0., 0., 0., 0., 0., 0., 0., 0., 0., 0.]))"
Shrinkage Estimator,healthcare_leaders,None,"[[1.         0.4496405  0.48564591 0.42519883 0.38325528 0.3489142
  0.35316814 0.44782098 0.39494783 0.69736097]
 [0.4496405  1.         0.5814011  0.54061583 0.36024609 0.51083872
  0.4501239  0.52174445 0.30888133 0.73229517]
 [0.48564591 0.5814011  1.         0.61091681 0.43565646 0.53937505
  0.49050788 0.5182247  0.38697259 0.77530426]
 [0.42519883 0.54061583 0.61091681 1.         0.40523851 0.51628342
  0.39749997 0.53556275 0.35456948 0.72870613]
 [0.38325528 0.36024609 0.43565646 0.40523851 1.         0.36638562
  0.42271278 0.50298171 0.37655166 0.63075054]
 [0.3489142  0.51083872 0.53937505 0.51628342 0.36638562 1.
  0.42994531 0.48357072 0.31336334 0.63692   ]
 [0.35316814 0.4501239  0.49050788 0.39749997 0.42271278 0.42994531
  1.         0.38906293 0.27012648 0.59487353]
 [0.44782098 0.52174445 0.5182247  0.53556275 0.50298171 0.48357072
  0.38906293 1.         0.51794273 0.75295687]
 [0.39494783 0.30888133 0.38697259 0.35456948 0.37655166 0.31336334
  0.27012648 0.51794273 1.         0.57162336]
 [0.69736097 0.73229517 0.77530426 0.72870613 0.63075054 0.63692
  0.59487353 0.75295687 0.57162336 1.        ]]","[[0.00124118 0.0003638  0.0004722  0.00041035 0.00052331 0.00036135
  0.00040988 0.00048851 0.00063387 0.0005647 ]
 [0.0003638  0.00052742 0.00036851 0.0003401  0.00033307 0.00034487
  0.00034054 0.00037102 0.00032316 0.00038656]
 [0.0004722  0.00036851 0.00076169 0.00046187 0.00047343 0.00043759
  0.00044596 0.00044286 0.00048654 0.00049182]
 [0.00041035 0.0003401  0.00046187 0.00075039 0.00042652 0.00041574
  0.00035871 0.00045426 0.00044247 0.00045882]
 [0.00052331 0.00033307 0.00047343 0.00042652 0.00149606 0.00043354
  0.0005738  0.00057071 0.00067351 0.00057478]
 [0.00036135 0.00034487 0.00043759 0.00041574 0.00043354 0.00086412
  0.00041635 0.00044015 0.00041964 0.00043035]
 [0.00040988 0.00034054 0.00044596 0.00035871 0.0005738  0.00041635
  0.00108524 0.00039686 0.00040539 0.00045044]
 [0.00048851 0.00037102 0.00044286 0.00045426 0.00057071 0.00044015
  0.00039686 0.00095876 0.0007306  0.00053588]
 [0.00063387 0.00032316 0.00048654 0.00044247 0.00067351 0.00041964
  0.00040539 0.0007306  0.00207533 0.00059855]
 [0.0005647  0.00038656 0.00049182 0.00045882 0.00057478 0.00043035
  0.00045044 0.00053588 0.00059855 0.00052831]]","[0.00496265 0.00229402 0.00238308 0.00225887 0.0034712  0.00382415
 0.00230203 0.00402786 0.00332432 0.00285037]","(array([[1.        , 0.4496405 , 0.48564591, 0.42519883, 0.38325528,
        0.3489142 , 0.35316814, 0.44782098, 0.39494783, 0.69736097],
       [0.4496405 , 1.        , 0.5814011 , 0.54061583, 0.36024609,
        0.51083872, 0.4501239 , 0.52174445, 0.30888133, 0.73229517],
       [0.48564591, 0.5814011 , 1.        , 0.61091681, 0.43565646,
        0.53937505, 0.49050788, 0.5182247 , 0.38697259, 0.77530426],
       [0.42519883, 0.54061583, 0.61091681, 1.        , 0.40523851,
        0.51628342, 0.39749997, 0.53556275, 0.35456948, 0.72870613],
       [0.38325528, 0.36024609, 0.43565646, 0.40523851, 1.        ,
        0.36638562, 0.42271278, 0.50298171, 0.37655166, 0.63075054],
       [0.3489142 , 0.51083872, 0.53937505, 0.51628342, 0.36638562,
        1.        , 0.42994531, 0.48357072, 0.31336334, 0.63692   ],
       [0.35316814, 0.4501239 , 0.49050788, 0.39749997, 0.42271278,
        0.42994531, 1.        , 0.38906293, 0.27012648, 0.59487353],
       [0.44782098, 0.52174445, 0.5182247 , 0.53556275, 0.50298171,
        0.48357072, 0.38906293, 1.        , 0.51794273, 0.75295687],
       [0.39494783, 0.30888133, 0.38697259, 0.35456948, 0.37655166,
        0.31336334, 0.27012648, 0.51794273, 1.        , 0.57162336],
       [0.69736097, 0.73229517, 0.77530426, 0.72870613, 0.63075054,
        0.63692   , 0.59487353, 0.75295687, 0.57162336, 1.        ]]), array([0., 0., 0., 0., 0., 0., 0., 0., 0., 0.]))"
MP Distribution,industrial_powerhouses,Dwave,"[[1.         0.51666843 0.71351097 0.71535343 0.46859093 0.45942052
  0.67429227 0.57891753 0.78193005 0.792872  ]
 [0.51666843 1.         0.67172399 0.53731888 0.5009094  0.65070149
  0.47335282 0.65652126 0.60047188 0.75112432]
 [0.71351097 0.67172399 1.         0.67958134 0.60348478 0.67994641
  0.69405729 0.81059966 0.75502567 0.9072895 ]
 [0.71535343 0.53731888 0.67958134 1.         0.43910548 0.55178023
  0.60295754 0.60151853 0.65749601 0.74698564]
 [0.46859093 0.5009094  0.60348478 0.43910548 1.         0.55991378
  0.47808025 0.60902009 0.54316065 0.69008186]
 [0.45942052 0.65070149 0.67994641 0.55178023 0.55991378 1.
  0.40208561 0.76971853 0.56574455 0.77292779]
 [0.67429227 0.47335282 0.69405729 0.60295754 0.47808025 0.40208561
  1.         0.59722689 0.71169013 0.75379755]
 [0.57891753 0.65652126 0.81059966 0.60151853 0.60902009 0.76971853
  0.59722689 1.         0.68129134 0.86678525]
 [0.78193005 0.60047188 0.75502567 0.65749601 0.54316065 0.56574455
  0.71169013 0.68129134 1.         0.84843793]
 [0.792872   0.75112432 0.9072895  0.74698564 0.69008186 0.77292779
  0.75379755 0.86678525 0.84843793 1.        ]]","[[0.00178965 0.00102137 0.00097384 0.00114426 0.0005693  0.00122196
  0.00082493 0.00089462 0.00121962 0.00097167]
 [0.00102137 0.00218359 0.0010127  0.00094937 0.00067222 0.00191174
  0.00063967 0.00112066 0.00103455 0.00101679]
 [0.00097384 0.0010127  0.00104089 0.00082902 0.00055916 0.00137924
  0.00064757 0.00095532 0.00089813 0.00084797]
 [0.00114426 0.00094937 0.00082902 0.00142968 0.00047682 0.00131174
  0.00065931 0.00083082 0.00091661 0.00081821]
 [0.0005693  0.00067222 0.00055916 0.00047682 0.00082477 0.001011
  0.00039706 0.00063891 0.00057513 0.00057412]
 [0.00122196 0.00191174 0.00137924 0.00131174 0.001011   0.00395297
  0.00073108 0.0017678  0.00131146 0.00140778]
 [0.00082493 0.00063967 0.00064757 0.00065931 0.00039706 0.00073108
  0.00083632 0.00063091 0.00075884 0.0006315 ]
 [0.00089462 0.00112066 0.00095532 0.00083082 0.00063891 0.0017678
  0.00063091 0.00133438 0.00091759 0.00091724]
 [0.00121962 0.00103455 0.00089813 0.00091661 0.00057513 0.00131146
  0.00075884 0.00091759 0.0013594  0.00090621]
 [0.00097167 0.00101679 0.00084797 0.00081821 0.00057412 0.00140778
  0.0006315  0.00091724 0.00090621 0.0008392 ]]","[ 0.00201535 -0.00080764  0.00314595  0.0024828   0.00382961  0.00273541
  0.001885    0.00131182  0.00128227  0.00223149]","{'score': 0.015567501605736403, 'recombined_solution': array([1, 1, 0, 0, 1, 0, 0, 0, 1, 1], dtype=object)}"
Shrinkage Estimator,industrial_powerhouses,Dwave,"[[1.         0.51666896 0.71351087 0.71535399 0.46859105 0.45942096
  0.67429198 0.5789179  0.78193013 0.79287211]
 [0.51666896 1.         0.67172398 0.53731952 0.50090991 0.65070171
  0.47335249 0.65652094 0.60047151 0.75112469]
 [0.71351087 0.67172398 1.         0.67958205 0.60348496 0.67994654
  0.69405802 0.81059985 0.75502543 0.90728947]
 [0.71535399 0.53731952 0.67958205 1.         0.43910628 0.55178044
  0.60295818 0.60151906 0.65749609 0.74698585]
 [0.46859105 0.50090991 0.60348496 0.43910628 1.         0.55991378
  0.47808021 0.60902071 0.54316085 0.69008194]
 [0.45942096 0.65070171 0.67994654 0.55178044 0.55991378 1.
  0.40208617 0.76971857 0.56574434 0.77292831]
 [0.67429198 0.47335249 0.69405802 0.60295818 0.47808021 0.40208617
  1.         0.59722753 0.71169036 0.75379778]
 [0.5789179  0.65652094 0.81059985 0.60151906 0.60902071 0.76971857
  0.59722753 1.         0.68129121 0.86678526]
 [0.78193013 0.60047151 0.75502543 0.65749609 0.54316085 0.56574434
  0.71169036 0.68129121 1.         0.8484377 ]
 [0.79287211 0.75112469 0.90728947 0.74698585 0.69008194 0.77292831
  0.75379778 0.86678526 0.8484377  1.        ]]","[[0.00178964 0.00102137 0.00097384 0.00114426 0.0005693  0.00122196
  0.00082493 0.00089462 0.00121962 0.00097167]
 [0.00102137 0.00218359 0.0010127  0.00094937 0.00067222 0.00191174
  0.00063967 0.00112066 0.00103455 0.00101679]
 [0.00097384 0.0010127  0.00104089 0.00082902 0.00055916 0.00137924
  0.00064757 0.00095532 0.00089813 0.00084797]
 [0.00114426 0.00094937 0.00082902 0.00142968 0.00047682 0.00131174
  0.00065932 0.00083082 0.00091661 0.00081821]
 [0.0005693  0.00067222 0.00055916 0.00047682 0.00082477 0.001011
  0.00039706 0.00063891 0.00057513 0.00057412]
 [0.00122196 0.00191174 0.00137924 0.00131174 0.001011   0.00395297
  0.00073108 0.0017678  0.00131146 0.00140778]
 [0.00082493 0.00063967 0.00064757 0.00065932 0.00039706 0.00073108
  0.00083632 0.00063091 0.00075884 0.0006315 ]
 [0.00089462 0.00112066 0.00095532 0.00083082 0.00063891 0.0017678
  0.00063091 0.00133438 0.00091759 0.00091724]
 [0.00121962 0.00103455 0.00089813 0.00091661 0.00057513 0.00131146
  0.00075884 0.00091759 0.0013594  0.0009062 ]
 [0.00097167 0.00101679 0.00084797 0.00081821 0.00057412 0.00140778
  0.0006315  0.00091724 0.0009062  0.0008392 ]]","[ 0.00201535 -0.00080764  0.00314595  0.0024828   0.00382961  0.00273541
  0.00188501  0.00131182  0.00128227  0.00223149]","{'score': 0.01578820856408915, 'recombined_solution': array([0, 0, 1, 0, 0, 1, 1, 0, 1, 1], dtype=object)}"
MP Distribution,industrial_powerhouses,Gurobi,"[[1.         0.51666843 0.71351097 0.71535343 0.46859093 0.45942052
  0.67429227 0.57891753 0.78193005 0.792872  ]
 [0.51666843 1.         0.67172399 0.53731888 0.5009094  0.65070149
  0.47335282 0.65652126 0.60047188 0.75112432]
 [0.71351097 0.67172399 1.         0.67958134 0.60348478 0.67994641
  0.69405729 0.81059966 0.75502567 0.9072895 ]
 [0.71535343 0.53731888 0.67958134 1.         0.43910548 0.55178023
  0.60295754 0.60151853 0.65749601 0.74698564]
 [0.46859093 0.5009094  0.60348478 0.43910548 1.         0.55991378
  0.47808025 0.60902009 0.54316065 0.69008186]
 [0.45942052 0.65070149 0.67994641 0.55178023 0.55991378 1.
  0.40208561 0.76971853 0.56574455 0.77292779]
 [0.67429227 0.47335282 0.69405729 0.60295754 0.47808025 0.40208561
  1.         0.59722689 0.71169013 0.75379755]
 [0.57891753 0.65652126 0.81059966 0.60151853 0.60902009 0.76971853
  0.59722689 1.         0.68129134 0.86678525]
 [0.78193005 0.60047188 0.75502567 0.65749601 0.54316065 0.56574455
  0.71169013 0.68129134 1.         0.84843793]
 [0.792872   0.75112432 0.9072895  0.74698564 0.69008186 0.77292779
  0.75379755 0.86678525 0.84843793 1.        ]]","[[0.00178965 0.00102137 0.00097384 0.00114426 0.0005693  0.00122196
  0.00082493 0.00089462 0.00121962 0.00097167]
 [0.00102137 0.00218359 0.0010127  0.00094937 0.00067222 0.00191174
  0.00063967 0.00112066 0.00103455 0.00101679]
 [0.00097384 0.0010127  0.00104089 0.00082902 0.00055916 0.00137924
  0.00064757 0.00095532 0.00089813 0.00084797]
 [0.00114426 0.00094937 0.00082902 0.00142968 0.00047682 0.00131174
  0.00065931 0.00083082 0.00091661 0.00081821]
 [0.0005693  0.00067222 0.00055916 0.00047682 0.00082477 0.001011
  0.00039706 0.00063891 0.00057513 0.00057412]
 [0.00122196 0.00191174 0.00137924 0.00131174 0.001011   0.00395297
  0.00073108 0.0017678  0.00131146 0.00140778]
 [0.00082493 0.00063967 0.00064757 0.00065931 0.00039706 0.00073108
  0.00083632 0.00063091 0.00075884 0.0006315 ]
 [0.00089462 0.00112066 0.00095532 0.00083082 0.00063891 0.0017678
  0.00063091 0.00133438 0.00091759 0.00091724]
 [0.00121962 0.00103455 0.00089813 0.00091661 0.00057513 0.00131146
  0.00075884 0.00091759 0.0013594  0.00090621]
 [0.00097167 0.00101679 0.00084797 0.00081821 0.00057412 0.00140778
  0.0006315  0.00091724 0.00090621 0.0008392 ]]","[ 0.00201535 -0.00080764  0.00314595  0.0024828   0.00382961  0.00273541
  0.001885    0.00131182  0.00128227  0.00223149]","{'score': 0.00427751469909394, 'recombined_solution': array([0.0, 0.0, 1.0, 1.0, 1.0, 0.0, 1.0, 0.0, 0.0, 1.0], dtype=object)}"
Shrinkage Estimator,industrial_powerhouses,Gurobi,"[[1.         0.51666896 0.71351087 0.71535399 0.46859105 0.45942096
  0.67429198 0.5789179  0.78193013 0.79287211]
 [0.51666896 1.         0.67172398 0.53731952 0.50090991 0.65070171
  0.47335249 0.65652094 0.60047151 0.75112469]
 [0.71351087 0.67172398 1.         0.67958205 0.60348496 0.67994654
  0.69405802 0.81059985 0.75502543 0.90728947]
 [0.71535399 0.53731952 0.67958205 1.         0.43910628 0.55178044
  0.60295818 0.60151906 0.65749609 0.74698585]
 [0.46859105 0.50090991 0.60348496 0.43910628 1.         0.55991378
  0.47808021 0.60902071 0.54316085 0.69008194]
 [0.45942096 0.65070171 0.67994654 0.55178044 0.55991378 1.
  0.40208617 0.76971857 0.56574434 0.77292831]
 [0.67429198 0.47335249 0.69405802 0.60295818 0.47808021 0.40208617
  1.         0.59722753 0.71169036 0.75379778]
 [0.5789179  0.65652094 0.81059985 0.60151906 0.60902071 0.76971857
  0.59722753 1.         0.68129121 0.86678526]
 [0.78193013 0.60047151 0.75502543 0.65749609 0.54316085 0.56574434
  0.71169036 0.68129121 1.         0.8484377 ]
 [0.79287211 0.75112469 0.90728947 0.74698585 0.69008194 0.77292831
  0.75379778 0.86678526 0.8484377  1.        ]]","[[0.00178964 0.00102137 0.00097384 0.00114426 0.0005693  0.00122196
  0.00082493 0.00089462 0.00121962 0.00097167]
 [0.00102137 0.00218359 0.0010127  0.00094937 0.00067222 0.00191174
  0.00063967 0.00112066 0.00103455 0.00101679]
 [0.00097384 0.0010127  0.00104089 0.00082902 0.00055916 0.00137924
  0.00064757 0.00095532 0.00089813 0.00084797]
 [0.00114426 0.00094937 0.00082902 0.00142968 0.00047682 0.00131174
  0.00065932 0.00083082 0.00091661 0.00081821]
 [0.0005693  0.00067222 0.00055916 0.00047682 0.00082477 0.001011
  0.00039706 0.00063891 0.00057513 0.00057412]
 [0.00122196 0.00191174 0.00137924 0.00131174 0.001011   0.00395297
  0.00073108 0.0017678  0.00131146 0.00140778]
 [0.00082493 0.00063967 0.00064757 0.00065932 0.00039706 0.00073108
  0.00083632 0.00063091 0.00075884 0.0006315 ]
 [0.00089462 0.00112066 0.00095532 0.00083082 0.00063891 0.0017678
  0.00063091 0.00133438 0.00091759 0.00091724]
 [0.00121962 0.00103455 0.00089813 0.00091661 0.00057513 0.00131146
  0.00075884 0.00091759 0.0013594  0.0009062 ]
 [0.00097167 0.00101679 0.00084797 0.00081821 0.00057412 0.00140778
  0.0006315  0.00091724 0.0009062  0.0008392 ]]","[ 0.00201535 -0.00080764  0.00314595  0.0024828   0.00382961  0.00273541
  0.00188501  0.00131182  0.00128227  0.00223149]","{'score': 0.004277505784309294, 'recombined_solution': array([0.0, 0.0, 1.0, 1.0, 1.0, 0.0, 1.0, 0.0, 0.0, 1.0], dtype=object)}"
MP Distribution,industrial_powerhouses,None,"[[1.         0.51666843 0.71351097 0.71535343 0.46859093 0.45942052
  0.67429227 0.57891753 0.78193005 0.792872  ]
 [0.51666843 1.         0.67172399 0.53731888 0.5009094  0.65070149
  0.47335282 0.65652126 0.60047188 0.75112432]
 [0.71351097 0.67172399 1.         0.67958134 0.60348478 0.67994641
  0.69405729 0.81059966 0.75502567 0.9072895 ]
 [0.71535343 0.53731888 0.67958134 1.         0.43910548 0.55178023
  0.60295754 0.60151853 0.65749601 0.74698564]
 [0.46859093 0.5009094  0.60348478 0.43910548 1.         0.55991378
  0.47808025 0.60902009 0.54316065 0.69008186]
 [0.45942052 0.65070149 0.67994641 0.55178023 0.55991378 1.
  0.40208561 0.76971853 0.56574455 0.77292779]
 [0.67429227 0.47335282 0.69405729 0.60295754 0.47808025 0.40208561
  1.         0.59722689 0.71169013 0.75379755]
 [0.57891753 0.65652126 0.81059966 0.60151853 0.60902009 0.76971853
  0.59722689 1.         0.68129134 0.86678525]
 [0.78193005 0.60047188 0.75502567 0.65749601 0.54316065 0.56574455
  0.71169013 0.68129134 1.         0.84843793]
 [0.792872   0.75112432 0.9072895  0.74698564 0.69008186 0.77292779
  0.75379755 0.86678525 0.84843793 1.        ]]","[[0.00178965 0.00102137 0.00097384 0.00114426 0.0005693  0.00122196
  0.00082493 0.00089462 0.00121962 0.00097167]
 [0.00102137 0.00218359 0.0010127  0.00094937 0.00067222 0.00191174
  0.00063967 0.00112066 0.00103455 0.00101679]
 [0.00097384 0.0010127  0.00104089 0.00082902 0.00055916 0.00137924
  0.00064757 0.00095532 0.00089813 0.00084797]
 [0.00114426 0.00094937 0.00082902 0.00142968 0.00047682 0.00131174
  0.00065931 0.00083082 0.00091661 0.00081821]
 [0.0005693  0.00067222 0.00055916 0.00047682 0.00082477 0.001011
  0.00039706 0.00063891 0.00057513 0.00057412]
 [0.00122196 0.00191174 0.00137924 0.00131174 0.001011   0.00395297
  0.00073108 0.0017678  0.00131146 0.00140778]
 [0.00082493 0.00063967 0.00064757 0.00065931 0.00039706 0.00073108
  0.00083632 0.00063091 0.00075884 0.0006315 ]
 [0.00089462 0.00112066 0.00095532 0.00083082 0.00063891 0.0017678
  0.00063091 0.00133438 0.00091759 0.00091724]
 [0.00121962 0.00103455 0.00089813 0.00091661 0.00057513 0.00131146
  0.00075884 0.00091759 0.0013594  0.00090621]
 [0.00097167 0.00101679 0.00084797 0.00081821 0.00057412 0.00140778
  0.0006315  0.00091724 0.00090621 0.0008392 ]]","[ 0.00201535 -0.00080764  0.00314595  0.0024828   0.00382961  0.00273541
  0.001885    0.00131182  0.00128227  0.00223149]","(array([[1.        , 0.51666843, 0.71351097, 0.71535343, 0.46859093,
        0.45942052, 0.67429227, 0.57891753, 0.78193005, 0.792872  ],
       [0.51666843, 1.        , 0.67172399, 0.53731888, 0.5009094 ,
        0.65070149, 0.47335282, 0.65652126, 0.60047188, 0.75112432],
       [0.71351097, 0.67172399, 1.        , 0.67958134, 0.60348478,
        0.67994641, 0.69405729, 0.81059966, 0.75502567, 0.9072895 ],
       [0.71535343, 0.53731888, 0.67958134, 1.        , 0.43910548,
        0.55178023, 0.60295754, 0.60151853, 0.65749601, 0.74698564],
       [0.46859093, 0.5009094 , 0.60348478, 0.43910548, 1.        ,
        0.55991378, 0.47808025, 0.60902009, 0.54316065, 0.69008186],
       [0.45942052, 0.65070149, 0.67994641, 0.55178023, 0.55991378,
        1.        , 0.40208561, 0.76971853, 0.56574455, 0.77292779],
       [0.67429227, 0.47335282, 0.69405729, 0.60295754, 0.47808025,
        0.40208561, 1.        , 0.59722689, 0.71169013, 0.75379755],
       [0.57891753, 0.65652126, 0.81059966, 0.60151853, 0.60902009,
        0.76971853, 0.59722689, 1.        , 0.68129134, 0.86678525],
       [0.78193005, 0.60047188, 0.75502567, 0.65749601, 0.54316065,
        0.56574455, 0.71169013, 0.68129134, 1.        , 0.84843793],
       [0.792872  , 0.75112432, 0.9072895 , 0.74698564, 0.69008186,
        0.77292779, 0.75379755, 0.86678525, 0.84843793, 1.        ]]), array([0., 0., 0., 0., 0., 0., 0., 0., 0., 0.]))"
Shrinkage Estimator,industrial_powerhouses,None,"[[1.         0.51666896 0.71351087 0.71535399 0.46859105 0.45942096
  0.67429198 0.5789179  0.78193013 0.79287211]
 [0.51666896 1.         0.67172398 0.53731952 0.50090991 0.65070171
  0.47335249 0.65652094 0.60047151 0.75112469]
 [0.71351087 0.67172398 1.         0.67958205 0.60348496 0.67994654
  0.69405802 0.81059985 0.75502543 0.90728947]
 [0.71535399 0.53731952 0.67958205 1.         0.43910628 0.55178044
  0.60295818 0.60151906 0.65749609 0.74698585]
 [0.46859105 0.50090991 0.60348496 0.43910628 1.         0.55991378
  0.47808021 0.60902071 0.54316085 0.69008194]
 [0.45942096 0.65070171 0.67994654 0.55178044 0.55991378 1.
  0.40208617 0.76971857 0.56574434 0.77292831]
 [0.67429198 0.47335249 0.69405802 0.60295818 0.47808021 0.40208617
  1.         0.59722753 0.71169036 0.75379778]
 [0.5789179  0.65652094 0.81059985 0.60151906 0.60902071 0.76971857
  0.59722753 1.         0.68129121 0.86678526]
 [0.78193013 0.60047151 0.75502543 0.65749609 0.54316085 0.56574434
  0.71169036 0.68129121 1.         0.8484377 ]
 [0.79287211 0.75112469 0.90728947 0.74698585 0.69008194 0.77292831
  0.75379778 0.86678526 0.8484377  1.        ]]","[[0.00178964 0.00102137 0.00097384 0.00114426 0.0005693  0.00122196
  0.00082493 0.00089462 0.00121962 0.00097167]
 [0.00102137 0.00218359 0.0010127  0.00094937 0.00067222 0.00191174
  0.00063967 0.00112066 0.00103455 0.00101679]
 [0.00097384 0.0010127  0.00104089 0.00082902 0.00055916 0.00137924
  0.00064757 0.00095532 0.00089813 0.00084797]
 [0.00114426 0.00094937 0.00082902 0.00142968 0.00047682 0.00131174
  0.00065932 0.00083082 0.00091661 0.00081821]
 [0.0005693  0.00067222 0.00055916 0.00047682 0.00082477 0.001011
  0.00039706 0.00063891 0.00057513 0.00057412]
 [0.00122196 0.00191174 0.00137924 0.00131174 0.001011   0.00395297
  0.00073108 0.0017678  0.00131146 0.00140778]
 [0.00082493 0.00063967 0.00064757 0.00065932 0.00039706 0.00073108
  0.00083632 0.00063091 0.00075884 0.0006315 ]
 [0.00089462 0.00112066 0.00095532 0.00083082 0.00063891 0.0017678
  0.00063091 0.00133438 0.00091759 0.00091724]
 [0.00121962 0.00103455 0.00089813 0.00091661 0.00057513 0.00131146
  0.00075884 0.00091759 0.0013594  0.0009062 ]
 [0.00097167 0.00101679 0.00084797 0.00081821 0.00057412 0.00140778
  0.0006315  0.00091724 0.0009062  0.0008392 ]]","[ 0.00201535 -0.00080764  0.00314595  0.0024828   0.00382961  0.00273541
  0.00188501  0.00131182  0.00128227  0.00223149]","(array([[1.        , 0.51666896, 0.71351087, 0.71535399, 0.46859105,
        0.45942096, 0.67429198, 0.5789179 , 0.78193013, 0.79287211],
       [0.51666896, 1.        , 0.67172398, 0.53731952, 0.50090991,
        0.65070171, 0.47335249, 0.65652094, 0.60047151, 0.75112469],
       [0.71351087, 0.67172398, 1.        , 0.67958205, 0.60348496,
        0.67994654, 0.69405802, 0.81059985, 0.75502543, 0.90728947],
       [0.71535399, 0.53731952, 0.67958205, 1.        , 0.43910628,
        0.55178044, 0.60295818, 0.60151906, 0.65749609, 0.74698585],
       [0.46859105, 0.50090991, 0.60348496, 0.43910628, 1.        ,
        0.55991378, 0.47808021, 0.60902071, 0.54316085, 0.69008194],
       [0.45942096, 0.65070171, 0.67994654, 0.55178044, 0.55991378,
        1.        , 0.40208617, 0.76971857, 0.56574434, 0.77292831],
       [0.67429198, 0.47335249, 0.69405802, 0.60295818, 0.47808021,
        0.40208617, 1.        , 0.59722753, 0.71169036, 0.75379778],
       [0.5789179 , 0.65652094, 0.81059985, 0.60151906, 0.60902071,
        0.76971857, 0.59722753, 1.        , 0.68129121, 0.86678526],
       [0.78193013, 0.60047151, 0.75502543, 0.65749609, 0.54316085,
        0.56574434, 0.71169036, 0.68129121, 1.        , 0.8484377 ],
       [0.79287211, 0.75112469, 0.90728947, 0.74698585, 0.69008194,
        0.77292831, 0.75379778, 0.86678526, 0.8484377 , 1.        ]]), array([0., 0., 0., 0., 0., 0., 0., 0., 0., 0.]))"
MP Distribution,retail_consumer,Dwave,"[[1.         0.50940347 0.5173196  0.28862997 0.21745296 0.10235053
  0.26778601 0.25069586 0.24798304 0.36104527]
 [0.50940347 1.         0.5216848  0.39951002 0.32932412 0.20106325
  0.36638875 0.30605947 0.26807316 0.54853604]
 [0.5173196  0.5216848  1.         0.47098035 0.33174675 0.300055
  0.42438333 0.40130228 0.41641014 0.53462567]
 [0.28862997 0.39951002 0.47098035 1.         0.80326409 0.47111293
  0.57270022 0.54871454 0.39944951 0.69719585]
 [0.21745296 0.32932412 0.33174675 0.80326409 1.         0.4288899
  0.51152489 0.46810345 0.32069801 0.624957  ]
 [0.10235053 0.20106325 0.300055   0.47111293 0.4288899  1.
  0.40777181 0.44084377 0.23311307 0.54562893]
 [0.26778601 0.36638875 0.42438333 0.57270022 0.51152489 0.40777181
  1.         0.51878386 0.3896868  0.64899614]
 [0.25069586 0.30605947 0.40130228 0.54871454 0.46810345 0.44084377
  0.51878386 1.         0.41365411 0.58408316]
 [0.24798304 0.26807316 0.41641014 0.39944951 0.32069801 0.23311307
  0.3896868  0.41365411 1.         0.43984823]
 [0.36104527 0.54853604 0.53462567 0.69719585 0.624957   0.54562893
  0.64899614 0.58408316 0.43984823 1.        ]]","[[0.00066655 0.00047396 0.0003536  0.00024838 0.00022454 0.00015105
  0.00022878 0.00022105 0.00027827 0.00029755]
 [0.00047396 0.00129874 0.00049775 0.0004799  0.00047467 0.0004142
  0.00043693 0.00037671 0.00041989 0.00063102]
 [0.0003536  0.00049775 0.00070094 0.00041562 0.00035128 0.0004541
  0.00037179 0.00036287 0.00047916 0.00045182]
 [0.00024838 0.0004799  0.00041562 0.001111   0.00107084 0.00089763
  0.00063167 0.00062465 0.00057868 0.00074181]
 [0.00022454 0.00047467 0.00035128 0.00107084 0.00159963 0.00098055
  0.00067699 0.00063942 0.00055748 0.00079788]
 [0.00015105 0.0004142  0.0004541  0.00089763 0.00098055 0.0032676
  0.00077132 0.00086067 0.00057916 0.00099562]
 [0.00022878 0.00043693 0.00037179 0.00063167 0.00067699 0.00077132
  0.00109498 0.00058631 0.00056045 0.00068553]
 [0.00022105 0.00037671 0.00036287 0.00062465 0.00063942 0.00086067
  0.00058631 0.00116646 0.00061403 0.00063678]
 [0.00027827 0.00041989 0.00047916 0.00057868 0.00055748 0.00057916
  0.00056045 0.00061403 0.00188903 0.00061024]
 [0.00029755 0.00063102 0.00045182 0.00074181 0.00079788 0.00099562
  0.00068553 0.00063678 0.00061024 0.00101896]]","[0.00228027 0.00230106 0.00388618 0.00479392 0.00410315 0.0043083
 0.0036855  0.00387685 0.0063311  0.00195363]","{'score': 0.0011331249750474726, 'recombined_solution': array([0, 1, 0, 1, 0, 1, 1, 1, 0, 0], dtype=object)}"
Shrinkage Estimator,retail_consumer,Dwave,"[[1.         0.50940347 0.5173196  0.28862976 0.21745314 0.10235053
  0.26778614 0.25069589 0.24798304 0.36104566]
 [0.50940347 1.         0.5216848  0.39950986 0.32932398 0.20106325
  0.3663889  0.30605965 0.26807316 0.5485361 ]
 [0.5173196  0.5216848  1.         0.47098016 0.33174716 0.300055
  0.42438371 0.40130298 0.41641014 0.53462561]
 [0.28862976 0.39950986 0.47098016 1.         0.80326407 0.47111275
  0.57269996 0.54871517 0.39944904 0.69719591]
 [0.21745314 0.32932398 0.33174716 0.80326407 1.         0.4288897
  0.51152473 0.46810359 0.32069809 0.62495666]
 [0.10235053 0.20106325 0.300055   0.47111275 0.4288897  1.
  0.40777151 0.44084393 0.23311307 0.54562946]
 [0.26778614 0.3663889  0.42438371 0.57269996 0.51152473 0.40777151
  1.         0.51878402 0.38968626 0.64899604]
 [0.25069589 0.30605965 0.40130298 0.54871517 0.46810359 0.44084393
  0.51878402 1.         0.41365459 0.58408363]
 [0.24798304 0.26807316 0.41641014 0.39944904 0.32069809 0.23311307
  0.38968626 0.41365459 1.         0.4398479 ]
 [0.36104566 0.5485361  0.53462561 0.69719591 0.62495666 0.54562946
  0.64899604 0.58408363 0.4398479  1.        ]]","[[0.00066655 0.00047396 0.0003536  0.00024838 0.00022454 0.00015105
  0.00022878 0.00022106 0.00027827 0.00029755]
 [0.00047396 0.00129874 0.00049775 0.00047989 0.00047467 0.0004142
  0.00043693 0.00037671 0.00041989 0.00063102]
 [0.0003536  0.00049775 0.00070094 0.00041562 0.00035128 0.0004541
  0.00037179 0.00036287 0.00047916 0.00045182]
 [0.00024838 0.00047989 0.00041562 0.001111   0.00107084 0.00089763
  0.00063167 0.00062466 0.00057868 0.00074181]
 [0.00022454 0.00047467 0.00035128 0.00107084 0.00159963 0.00098055
  0.00067699 0.00063942 0.00055748 0.00079788]
 [0.00015105 0.0004142  0.0004541  0.00089763 0.00098055 0.0032676
  0.00077132 0.00086067 0.00057916 0.00099562]
 [0.00022878 0.00043693 0.00037179 0.00063167 0.00067699 0.00077132
  0.00109498 0.00058631 0.00056045 0.00068553]
 [0.00022106 0.00037671 0.00036287 0.00062466 0.00063942 0.00086067
  0.00058631 0.00116647 0.00061404 0.00063678]
 [0.00027827 0.00041989 0.00047916 0.00057868 0.00055748 0.00057916
  0.00056045 0.00061404 0.00188903 0.00061024]
 [0.00029755 0.00063102 0.00045182 0.00074181 0.00079788 0.00099562
  0.00068553 0.00063678 0.00061024 0.00101896]]","[0.00228027 0.00230106 0.00388618 0.00479392 0.00410315 0.0043083
 0.0036855  0.00387685 0.0063311  0.00195363]","{'score': 0.003431354791592619, 'recombined_solution': array([0, 1, 1, 0, 1, 1, 0, 0, 0, 1], dtype=object)}"
MP Distribution,retail_consumer,Gurobi,"[[1.         0.50940347 0.5173196  0.28862997 0.21745296 0.10235053
  0.26778601 0.25069586 0.24798304 0.36104527]
 [0.50940347 1.         0.5216848  0.39951002 0.32932412 0.20106325
  0.36638875 0.30605947 0.26807316 0.54853604]
 [0.5173196  0.5216848  1.         0.47098035 0.33174675 0.300055
  0.42438333 0.40130228 0.41641014 0.53462567]
 [0.28862997 0.39951002 0.47098035 1.         0.80326409 0.47111293
  0.57270022 0.54871454 0.39944951 0.69719585]
 [0.21745296 0.32932412 0.33174675 0.80326409 1.         0.4288899
  0.51152489 0.46810345 0.32069801 0.624957  ]
 [0.10235053 0.20106325 0.300055   0.47111293 0.4288899  1.
  0.40777181 0.44084377 0.23311307 0.54562893]
 [0.26778601 0.36638875 0.42438333 0.57270022 0.51152489 0.40777181
  1.         0.51878386 0.3896868  0.64899614]
 [0.25069586 0.30605947 0.40130228 0.54871454 0.46810345 0.44084377
  0.51878386 1.         0.41365411 0.58408316]
 [0.24798304 0.26807316 0.41641014 0.39944951 0.32069801 0.23311307
  0.3896868  0.41365411 1.         0.43984823]
 [0.36104527 0.54853604 0.53462567 0.69719585 0.624957   0.54562893
  0.64899614 0.58408316 0.43984823 1.        ]]","[[0.00066655 0.00047396 0.0003536  0.00024838 0.00022454 0.00015105
  0.00022878 0.00022105 0.00027827 0.00029755]
 [0.00047396 0.00129874 0.00049775 0.0004799  0.00047467 0.0004142
  0.00043693 0.00037671 0.00041989 0.00063102]
 [0.0003536  0.00049775 0.00070094 0.00041562 0.00035128 0.0004541
  0.00037179 0.00036287 0.00047916 0.00045182]
 [0.00024838 0.0004799  0.00041562 0.001111   0.00107084 0.00089763
  0.00063167 0.00062465 0.00057868 0.00074181]
 [0.00022454 0.00047467 0.00035128 0.00107084 0.00159963 0.00098055
  0.00067699 0.00063942 0.00055748 0.00079788]
 [0.00015105 0.0004142  0.0004541  0.00089763 0.00098055 0.0032676
  0.00077132 0.00086067 0.00057916 0.00099562]
 [0.00022878 0.00043693 0.00037179 0.00063167 0.00067699 0.00077132
  0.00109498 0.00058631 0.00056045 0.00068553]
 [0.00022105 0.00037671 0.00036287 0.00062465 0.00063942 0.00086067
  0.00058631 0.00116646 0.00061403 0.00063678]
 [0.00027827 0.00041989 0.00047916 0.00057868 0.00055748 0.00057916
  0.00056045 0.00061403 0.00188903 0.00061024]
 [0.00029755 0.00063102 0.00045182 0.00074181 0.00079788 0.00099562
  0.00068553 0.00063678 0.00061024 0.00101896]]","[0.00228027 0.00230106 0.00388618 0.00479392 0.00410315 0.0043083
 0.0036855  0.00387685 0.0063311  0.00195363]","{'score': -0.007281673852742202, 'recombined_solution': array([1.0, 0.0, 1.0, 1.0, 0.0, 0.0, 0.0, 1.0, 1.0, 0.0], dtype=object)}"
Shrinkage Estimator,retail_consumer,Gurobi,"[[1.         0.50940347 0.5173196  0.28862976 0.21745314 0.10235053
  0.26778614 0.25069589 0.24798304 0.36104566]
 [0.50940347 1.         0.5216848  0.39950986 0.32932398 0.20106325
  0.3663889  0.30605965 0.26807316 0.5485361 ]
 [0.5173196  0.5216848  1.         0.47098016 0.33174716 0.300055
  0.42438371 0.40130298 0.41641014 0.53462561]
 [0.28862976 0.39950986 0.47098016 1.         0.80326407 0.47111275
  0.57269996 0.54871517 0.39944904 0.69719591]
 [0.21745314 0.32932398 0.33174716 0.80326407 1.         0.4288897
  0.51152473 0.46810359 0.32069809 0.62495666]
 [0.10235053 0.20106325 0.300055   0.47111275 0.4288897  1.
  0.40777151 0.44084393 0.23311307 0.54562946]
 [0.26778614 0.3663889  0.42438371 0.57269996 0.51152473 0.40777151
  1.         0.51878402 0.38968626 0.64899604]
 [0.25069589 0.30605965 0.40130298 0.54871517 0.46810359 0.44084393
  0.51878402 1.         0.41365459 0.58408363]
 [0.24798304 0.26807316 0.41641014 0.39944904 0.32069809 0.23311307
  0.38968626 0.41365459 1.         0.4398479 ]
 [0.36104566 0.5485361  0.53462561 0.69719591 0.62495666 0.54562946
  0.64899604 0.58408363 0.4398479  1.        ]]","[[0.00066655 0.00047396 0.0003536  0.00024838 0.00022454 0.00015105
  0.00022878 0.00022106 0.00027827 0.00029755]
 [0.00047396 0.00129874 0.00049775 0.00047989 0.00047467 0.0004142
  0.00043693 0.00037671 0.00041989 0.00063102]
 [0.0003536  0.00049775 0.00070094 0.00041562 0.00035128 0.0004541
  0.00037179 0.00036287 0.00047916 0.00045182]
 [0.00024838 0.00047989 0.00041562 0.001111   0.00107084 0.00089763
  0.00063167 0.00062466 0.00057868 0.00074181]
 [0.00022454 0.00047467 0.00035128 0.00107084 0.00159963 0.00098055
  0.00067699 0.00063942 0.00055748 0.00079788]
 [0.00015105 0.0004142  0.0004541  0.00089763 0.00098055 0.0032676
  0.00077132 0.00086067 0.00057916 0.00099562]
 [0.00022878 0.00043693 0.00037179 0.00063167 0.00067699 0.00077132
  0.00109498 0.00058631 0.00056045 0.00068553]
 [0.00022106 0.00037671 0.00036287 0.00062466 0.00063942 0.00086067
  0.00058631 0.00116647 0.00061404 0.00063678]
 [0.00027827 0.00041989 0.00047916 0.00057868 0.00055748 0.00057916
  0.00056045 0.00061404 0.00188903 0.00061024]
 [0.00029755 0.00063102 0.00045182 0.00074181 0.00079788 0.00099562
  0.00068553 0.00063678 0.00061024 0.00101896]]","[0.00228027 0.00230106 0.00388618 0.00479392 0.00410315 0.0043083
 0.0036855  0.00387685 0.0063311  0.00195363]","{'score': -0.007281673808523969, 'recombined_solution': array([1.0, 0.0, 1.0, 1.0, 0.0, 0.0, 0.0, 1.0, 1.0, 0.0], dtype=object)}"
MP Distribution,retail_consumer,None,"[[1.         0.50940347 0.5173196  0.28862997 0.21745296 0.10235053
  0.26778601 0.25069586 0.24798304 0.36104527]
 [0.50940347 1.         0.5216848  0.39951002 0.32932412 0.20106325
  0.36638875 0.30605947 0.26807316 0.54853604]
 [0.5173196  0.5216848  1.         0.47098035 0.33174675 0.300055
  0.42438333 0.40130228 0.41641014 0.53462567]
 [0.28862997 0.39951002 0.47098035 1.         0.80326409 0.47111293
  0.57270022 0.54871454 0.39944951 0.69719585]
 [0.21745296 0.32932412 0.33174675 0.80326409 1.         0.4288899
  0.51152489 0.46810345 0.32069801 0.624957  ]
 [0.10235053 0.20106325 0.300055   0.47111293 0.4288899  1.
  0.40777181 0.44084377 0.23311307 0.54562893]
 [0.26778601 0.36638875 0.42438333 0.57270022 0.51152489 0.40777181
  1.         0.51878386 0.3896868  0.64899614]
 [0.25069586 0.30605947 0.40130228 0.54871454 0.46810345 0.44084377
  0.51878386 1.         0.41365411 0.58408316]
 [0.24798304 0.26807316 0.41641014 0.39944951 0.32069801 0.23311307
  0.3896868  0.41365411 1.         0.43984823]
 [0.36104527 0.54853604 0.53462567 0.69719585 0.624957   0.54562893
  0.64899614 0.58408316 0.43984823 1.        ]]","[[0.00066655 0.00047396 0.0003536  0.00024838 0.00022454 0.00015105
  0.00022878 0.00022105 0.00027827 0.00029755]
 [0.00047396 0.00129874 0.00049775 0.0004799  0.00047467 0.0004142
  0.00043693 0.00037671 0.00041989 0.00063102]
 [0.0003536  0.00049775 0.00070094 0.00041562 0.00035128 0.0004541
  0.00037179 0.00036287 0.00047916 0.00045182]
 [0.00024838 0.0004799  0.00041562 0.001111   0.00107084 0.00089763
  0.00063167 0.00062465 0.00057868 0.00074181]
 [0.00022454 0.00047467 0.00035128 0.00107084 0.00159963 0.00098055
  0.00067699 0.00063942 0.00055748 0.00079788]
 [0.00015105 0.0004142  0.0004541  0.00089763 0.00098055 0.0032676
  0.00077132 0.00086067 0.00057916 0.00099562]
 [0.00022878 0.00043693 0.00037179 0.00063167 0.00067699 0.00077132
  0.00109498 0.00058631 0.00056045 0.00068553]
 [0.00022105 0.00037671 0.00036287 0.00062465 0.00063942 0.00086067
  0.00058631 0.00116646 0.00061403 0.00063678]
 [0.00027827 0.00041989 0.00047916 0.00057868 0.00055748 0.00057916
  0.00056045 0.00061403 0.00188903 0.00061024]
 [0.00029755 0.00063102 0.00045182 0.00074181 0.00079788 0.00099562
  0.00068553 0.00063678 0.00061024 0.00101896]]","[0.00228027 0.00230106 0.00388618 0.00479392 0.00410315 0.0043083
 0.0036855  0.00387685 0.0063311  0.00195363]","(array([[1.        , 0.50940347, 0.5173196 , 0.28862997, 0.21745296,
        0.10235053, 0.26778601, 0.25069586, 0.24798304, 0.36104527],
       [0.50940347, 1.        , 0.5216848 , 0.39951002, 0.32932412,
        0.20106325, 0.36638875, 0.30605947, 0.26807316, 0.54853604],
       [0.5173196 , 0.5216848 , 1.        , 0.47098035, 0.33174675,
        0.300055  , 0.42438333, 0.40130228, 0.41641014, 0.53462567],
       [0.28862997, 0.39951002, 0.47098035, 1.        , 0.80326409,
        0.47111293, 0.57270022, 0.54871454, 0.39944951, 0.69719585],
       [0.21745296, 0.32932412, 0.33174675, 0.80326409, 1.        ,
        0.4288899 , 0.51152489, 0.46810345, 0.32069801, 0.624957  ],
       [0.10235053, 0.20106325, 0.300055  , 0.47111293, 0.4288899 ,
        1.        , 0.40777181, 0.44084377, 0.23311307, 0.54562893],
       [0.26778601, 0.36638875, 0.42438333, 0.57270022, 0.51152489,
        0.40777181, 1.        , 0.51878386, 0.3896868 , 0.64899614],
       [0.25069586, 0.30605947, 0.40130228, 0.54871454, 0.46810345,
        0.44084377, 0.51878386, 1.        , 0.41365411, 0.58408316],
       [0.24798304, 0.26807316, 0.41641014, 0.39944951, 0.32069801,
        0.23311307, 0.3896868 , 0.41365411, 1.        , 0.43984823],
       [0.36104527, 0.54853604, 0.53462567, 0.69719585, 0.624957  ,
        0.54562893, 0.64899614, 0.58408316, 0.43984823, 1.        ]]), array([0., 0., 0., 0., 0., 0., 0., 0., 0., 0.]))"
Shrinkage Estimator,retail_consumer,None,"[[1.         0.50940347 0.5173196  0.28862976 0.21745314 0.10235053
  0.26778614 0.25069589 0.24798304 0.36104566]
 [0.50940347 1.         0.5216848  0.39950986 0.32932398 0.20106325
  0.3663889  0.30605965 0.26807316 0.5485361 ]
 [0.5173196  0.5216848  1.         0.47098016 0.33174716 0.300055
  0.42438371 0.40130298 0.41641014 0.53462561]
 [0.28862976 0.39950986 0.47098016 1.         0.80326407 0.47111275
  0.57269996 0.54871517 0.39944904 0.69719591]
 [0.21745314 0.32932398 0.33174716 0.80326407 1.         0.4288897
  0.51152473 0.46810359 0.32069809 0.62495666]
 [0.10235053 0.20106325 0.300055   0.47111275 0.4288897  1.
  0.40777151 0.44084393 0.23311307 0.54562946]
 [0.26778614 0.3663889  0.42438371 0.57269996 0.51152473 0.40777151
  1.         0.51878402 0.38968626 0.64899604]
 [0.25069589 0.30605965 0.40130298 0.54871517 0.46810359 0.44084393
  0.51878402 1.         0.41365459 0.58408363]
 [0.24798304 0.26807316 0.41641014 0.39944904 0.32069809 0.23311307
  0.38968626 0.41365459 1.         0.4398479 ]
 [0.36104566 0.5485361  0.53462561 0.69719591 0.62495666 0.54562946
  0.64899604 0.58408363 0.4398479  1.        ]]","[[0.00066655 0.00047396 0.0003536  0.00024838 0.00022454 0.00015105
  0.00022878 0.00022106 0.00027827 0.00029755]
 [0.00047396 0.00129874 0.00049775 0.00047989 0.00047467 0.0004142
  0.00043693 0.00037671 0.00041989 0.00063102]
 [0.0003536  0.00049775 0.00070094 0.00041562 0.00035128 0.0004541
  0.00037179 0.00036287 0.00047916 0.00045182]
 [0.00024838 0.00047989 0.00041562 0.001111   0.00107084 0.00089763
  0.00063167 0.00062466 0.00057868 0.00074181]
 [0.00022454 0.00047467 0.00035128 0.00107084 0.00159963 0.00098055
  0.00067699 0.00063942 0.00055748 0.00079788]
 [0.00015105 0.0004142  0.0004541  0.00089763 0.00098055 0.0032676
  0.00077132 0.00086067 0.00057916 0.00099562]
 [0.00022878 0.00043693 0.00037179 0.00063167 0.00067699 0.00077132
  0.00109498 0.00058631 0.00056045 0.00068553]
 [0.00022106 0.00037671 0.00036287 0.00062466 0.00063942 0.00086067
  0.00058631 0.00116647 0.00061404 0.00063678]
 [0.00027827 0.00041989 0.00047916 0.00057868 0.00055748 0.00057916
  0.00056045 0.00061404 0.00188903 0.00061024]
 [0.00029755 0.00063102 0.00045182 0.00074181 0.00079788 0.00099562
  0.00068553 0.00063678 0.00061024 0.00101896]]","[0.00228027 0.00230106 0.00388618 0.00479392 0.00410315 0.0043083
 0.0036855  0.00387685 0.0063311  0.00195363]","(array([[1.        , 0.50940347, 0.5173196 , 0.28862976, 0.21745314,
        0.10235053, 0.26778614, 0.25069589, 0.24798304, 0.36104566],
       [0.50940347, 1.        , 0.5216848 , 0.39950986, 0.32932398,
        0.20106325, 0.3663889 , 0.30605965, 0.26807316, 0.5485361 ],
       [0.5173196 , 0.5216848 , 1.        , 0.47098016, 0.33174716,
        0.300055  , 0.42438371, 0.40130298, 0.41641014, 0.53462561],
       [0.28862976, 0.39950986, 0.47098016, 1.        , 0.80326407,
        0.47111275, 0.57269996, 0.54871517, 0.39944904, 0.69719591],
       [0.21745314, 0.32932398, 0.33174716, 0.80326407, 1.        ,
        0.4288897 , 0.51152473, 0.46810359, 0.32069809, 0.62495666],
       [0.10235053, 0.20106325, 0.300055  , 0.47111275, 0.4288897 ,
        1.        , 0.40777151, 0.44084393, 0.23311307, 0.54562946],
       [0.26778614, 0.3663889 , 0.42438371, 0.57269996, 0.51152473,
        0.40777151, 1.        , 0.51878402, 0.38968626, 0.64899604],
       [0.25069589, 0.30605965, 0.40130298, 0.54871517, 0.46810359,
        0.44084393, 0.51878402, 1.        , 0.41365459, 0.58408363],
       [0.24798304, 0.26807316, 0.41641014, 0.39944904, 0.32069809,
        0.23311307, 0.38968626, 0.41365459, 1.        , 0.4398479 ],
       [0.36104566, 0.5485361 , 0.53462561, 0.69719591, 0.62495666,
        0.54562946, 0.64899604, 0.58408363, 0.4398479 , 1.        ]]), array([0., 0., 0., 0., 0., 0., 0., 0., 0., 0.]))"
MP Distribution,semiconductor_giants,Dwave,"[[1.         0.47227246 0.49724595 0.45971138 0.40662977 0.45158661
  0.46723065 0.58058728 0.48291341 0.50507107]
 [0.47227246 1.         0.36089938 0.37183035 0.32955377 0.36520612
  0.38667629 0.48157934 0.44851668 0.40523201]
 [0.49724595 0.36089938 1.         0.51973064 0.46952628 0.57120452
  0.50645701 0.65930672 0.55716561 0.58008217]
 [0.45971138 0.37183035 0.51973064 1.         0.48797278 0.48914199
  0.5834008  0.57990119 0.4593252  0.58830228]
 [0.40662977 0.32955377 0.46952628 0.48797278 1.         0.46674279
  0.42290686 0.52207297 0.48072139 0.4515436 ]
 [0.45158661 0.36520612 0.57120452 0.48914199 0.46674279 1.
  0.51929347 0.61115663 0.48219272 0.59685344]
 [0.46723065 0.38667629 0.50645701 0.5834008  0.42290686 0.51929347
  1.         0.58252888 0.49610224 0.70582108]
 [0.58058728 0.48157934 0.65930672 0.57990119 0.52207297 0.61115663
  0.58252888 1.         0.59446615 0.67302643]
 [0.48291341 0.44851668 0.55716561 0.4593252  0.48072139 0.48219272
  0.49610224 0.59446615 1.         0.56538587]
 [0.50507107 0.40523201 0.58008217 0.58830228 0.4515436  0.59685344
  0.70582108 0.67302643 0.56538587 1.        ]]","[[0.00354284 0.00231777 0.00110271 0.00095492 0.0010216  0.00128011
  0.00128501 0.00119257 0.00193431 0.00154135]
 [0.00231777 0.00679835 0.00110867 0.00106993 0.00114692 0.00143407
  0.00147315 0.00137029 0.00248864 0.00171309]
 [0.00110271 0.00110867 0.00138814 0.00067578 0.00073838 0.00101353
  0.00087188 0.00084771 0.00139695 0.0011081 ]
 [0.00095492 0.00106993 0.00067578 0.00121791 0.0007188  0.00081297
  0.00094075 0.0006984  0.00107872 0.00105265]
 [0.0010216  0.00114692 0.00073838 0.0007188  0.00178159 0.00093824
  0.0008248  0.00076046 0.00136546 0.00097719]
 [0.00128011 0.00143407 0.00101353 0.00081297 0.00093824 0.0022681
  0.00114273 0.00100444 0.00154537 0.00145738]
 [0.00128501 0.00147315 0.00087188 0.00094075 0.0008248  0.00114273
  0.00213499 0.00092888 0.00154259 0.00167212]
 [0.00119257 0.00137029 0.00084771 0.0006984  0.00076046 0.00100444
  0.00092888 0.00119093 0.00138054 0.00119083]
 [0.00193431 0.00248864 0.00139695 0.00107872 0.00136546 0.00154537
  0.00154259 0.00138054 0.00452858 0.00195074]
 [0.00154135 0.00171309 0.0011081  0.00105265 0.00097719 0.00145738
  0.00167212 0.00119083 0.00195074 0.00262875]]","[0.0072597  0.00381209 0.00280781 0.00422492 0.00258505 0.00576343
 0.00577291 0.00384727 0.00351696 0.00518977]","{'score': 0.01188873279745787, 'recombined_solution': array([0, 0, 0, 1, 1, 1, 1, 0, 1, 0], dtype=object)}"
Shrinkage Estimator,semiconductor_giants,Dwave,"[[1.         0.47227246 0.49724585 0.45971112 0.4066294  0.45158669
  0.46723076 0.58058705 0.48291344 0.50507106]
 [0.47227246 1.         0.36089908 0.3718297  0.32955364 0.36520602
  0.38667616 0.48158005 0.44851679 0.40523236]
 [0.49724585 0.36089908 1.         0.51973045 0.469527   0.57120411
  0.50645709 0.65930629 0.55716585 0.58008222]
 [0.45971112 0.3718297  0.51973045 1.         0.48797339 0.48914188
  0.58340044 0.57990146 0.45932526 0.58830263]
 [0.4066294  0.32955364 0.469527   0.48797339 1.         0.46674313
  0.42290652 0.52207291 0.48072222 0.45154399]
 [0.45158669 0.36520602 0.57120411 0.48914188 0.46674313 1.
  0.51929308 0.61115619 0.48219282 0.59685341]
 [0.46723076 0.38667616 0.50645709 0.58340044 0.42290652 0.51929308
  1.         0.58252823 0.49610207 0.70582117]
 [0.58058705 0.48158005 0.65930629 0.57990146 0.52207291 0.61115619
  0.58252823 1.         0.59446632 0.67302617]
 [0.48291344 0.44851679 0.55716585 0.45932526 0.48072222 0.48219282
  0.49610207 0.59446632 1.         0.56538585]
 [0.50507106 0.40523236 0.58008222 0.58830263 0.45154399 0.59685341
  0.70582117 0.67302617 0.56538585 1.        ]]","[[0.00354284 0.00231777 0.00110271 0.00095492 0.00102159 0.00128011
  0.00128501 0.00119257 0.00193431 0.00154135]
 [0.00231777 0.00679835 0.00110867 0.00106993 0.00114692 0.00143407
  0.00147315 0.00137029 0.00248864 0.00171309]
 [0.00110271 0.00110867 0.00138814 0.00067578 0.00073838 0.00101353
  0.00087188 0.00084771 0.00139695 0.0011081 ]
 [0.00095492 0.00106993 0.00067578 0.00121792 0.0007188  0.00081297
  0.00094075 0.0006984  0.00107872 0.00105265]
 [0.00102159 0.00114692 0.00073838 0.0007188  0.00178159 0.00093824
  0.0008248  0.00076046 0.00136546 0.00097719]
 [0.00128011 0.00143407 0.00101353 0.00081297 0.00093824 0.0022681
  0.00114272 0.00100444 0.00154537 0.00145738]
 [0.00128501 0.00147315 0.00087188 0.00094075 0.0008248  0.00114272
  0.00213499 0.00092888 0.00154259 0.00167212]
 [0.00119257 0.00137029 0.00084771 0.0006984  0.00076046 0.00100444
  0.00092888 0.00119093 0.00138054 0.00119083]
 [0.00193431 0.00248864 0.00139695 0.00107872 0.00136546 0.00154537
  0.00154259 0.00138054 0.00452858 0.00195074]
 [0.00154135 0.00171309 0.0011081  0.00105265 0.00097719 0.00145738
  0.00167212 0.00119083 0.00195074 0.00262875]]","[0.0072597  0.00381209 0.00280781 0.00422492 0.00258505 0.00576343
 0.00577291 0.00384727 0.00351696 0.00518978]","{'score': 0.01493984157891834, 'recombined_solution': array([0, 0, 0, 1, 1, 1, 0, 0, 1, 1], dtype=object)}"
MP Distribution,semiconductor_giants,Gurobi,"[[1.         0.47227246 0.49724595 0.45971138 0.40662977 0.45158661
  0.46723065 0.58058728 0.48291341 0.50507107]
 [0.47227246 1.         0.36089938 0.37183035 0.32955377 0.36520612
  0.38667629 0.48157934 0.44851668 0.40523201]
 [0.49724595 0.36089938 1.         0.51973064 0.46952628 0.57120452
  0.50645701 0.65930672 0.55716561 0.58008217]
 [0.45971138 0.37183035 0.51973064 1.         0.48797278 0.48914199
  0.5834008  0.57990119 0.4593252  0.58830228]
 [0.40662977 0.32955377 0.46952628 0.48797278 1.         0.46674279
  0.42290686 0.52207297 0.48072139 0.4515436 ]
 [0.45158661 0.36520612 0.57120452 0.48914199 0.46674279 1.
  0.51929347 0.61115663 0.48219272 0.59685344]
 [0.46723065 0.38667629 0.50645701 0.5834008  0.42290686 0.51929347
  1.         0.58252888 0.49610224 0.70582108]
 [0.58058728 0.48157934 0.65930672 0.57990119 0.52207297 0.61115663
  0.58252888 1.         0.59446615 0.67302643]
 [0.48291341 0.44851668 0.55716561 0.4593252  0.48072139 0.48219272
  0.49610224 0.59446615 1.         0.56538587]
 [0.50507107 0.40523201 0.58008217 0.58830228 0.4515436  0.59685344
  0.70582108 0.67302643 0.56538587 1.        ]]","[[0.00354284 0.00231777 0.00110271 0.00095492 0.0010216  0.00128011
  0.00128501 0.00119257 0.00193431 0.00154135]
 [0.00231777 0.00679835 0.00110867 0.00106993 0.00114692 0.00143407
  0.00147315 0.00137029 0.00248864 0.00171309]
 [0.00110271 0.00110867 0.00138814 0.00067578 0.00073838 0.00101353
  0.00087188 0.00084771 0.00139695 0.0011081 ]
 [0.00095492 0.00106993 0.00067578 0.00121791 0.0007188  0.00081297
  0.00094075 0.0006984  0.00107872 0.00105265]
 [0.0010216  0.00114692 0.00073838 0.0007188  0.00178159 0.00093824
  0.0008248  0.00076046 0.00136546 0.00097719]
 [0.00128011 0.00143407 0.00101353 0.00081297 0.00093824 0.0022681
  0.00114273 0.00100444 0.00154537 0.00145738]
 [0.00128501 0.00147315 0.00087188 0.00094075 0.0008248  0.00114273
  0.00213499 0.00092888 0.00154259 0.00167212]
 [0.00119257 0.00137029 0.00084771 0.0006984  0.00076046 0.00100444
  0.00092888 0.00119093 0.00138054 0.00119083]
 [0.00193431 0.00248864 0.00139695 0.00107872 0.00136546 0.00154537
  0.00154259 0.00138054 0.00452858 0.00195074]
 [0.00154135 0.00171309 0.0011081  0.00105265 0.00097719 0.00145738
  0.00167212 0.00119083 0.00195074 0.00262875]]","[0.0072597  0.00381209 0.00280781 0.00422492 0.00258505 0.00576343
 0.00577291 0.00384727 0.00351696 0.00518977]","{'score': 0.003657846920176476, 'recombined_solution': array([0.0, 0.0, 1.0, 1.0, 0.0, 1.0, 1.0, 1.0, 0.0, 0.0], dtype=object)}"
Shrinkage Estimator,semiconductor_giants,Gurobi,"[[1.         0.47227246 0.49724585 0.45971112 0.4066294  0.45158669
  0.46723076 0.58058705 0.48291344 0.50507106]
 [0.47227246 1.         0.36089908 0.3718297  0.32955364 0.36520602
  0.38667616 0.48158005 0.44851679 0.40523236]
 [0.49724585 0.36089908 1.         0.51973045 0.469527   0.57120411
  0.50645709 0.65930629 0.55716585 0.58008222]
 [0.45971112 0.3718297  0.51973045 1.         0.48797339 0.48914188
  0.58340044 0.57990146 0.45932526 0.58830263]
 [0.4066294  0.32955364 0.469527   0.48797339 1.         0.46674313
  0.42290652 0.52207291 0.48072222 0.45154399]
 [0.45158669 0.36520602 0.57120411 0.48914188 0.46674313 1.
  0.51929308 0.61115619 0.48219282 0.59685341]
 [0.46723076 0.38667616 0.50645709 0.58340044 0.42290652 0.51929308
  1.         0.58252823 0.49610207 0.70582117]
 [0.58058705 0.48158005 0.65930629 0.57990146 0.52207291 0.61115619
  0.58252823 1.         0.59446632 0.67302617]
 [0.48291344 0.44851679 0.55716585 0.45932526 0.48072222 0.48219282
  0.49610207 0.59446632 1.         0.56538585]
 [0.50507106 0.40523236 0.58008222 0.58830263 0.45154399 0.59685341
  0.70582117 0.67302617 0.56538585 1.        ]]","[[0.00354284 0.00231777 0.00110271 0.00095492 0.00102159 0.00128011
  0.00128501 0.00119257 0.00193431 0.00154135]
 [0.00231777 0.00679835 0.00110867 0.00106993 0.00114692 0.00143407
  0.00147315 0.00137029 0.00248864 0.00171309]
 [0.00110271 0.00110867 0.00138814 0.00067578 0.00073838 0.00101353
  0.00087188 0.00084771 0.00139695 0.0011081 ]
 [0.00095492 0.00106993 0.00067578 0.00121792 0.0007188  0.00081297
  0.00094075 0.0006984  0.00107872 0.00105265]
 [0.00102159 0.00114692 0.00073838 0.0007188  0.00178159 0.00093824
  0.0008248  0.00076046 0.00136546 0.00097719]
 [0.00128011 0.00143407 0.00101353 0.00081297 0.00093824 0.0022681
  0.00114272 0.00100444 0.00154537 0.00145738]
 [0.00128501 0.00147315 0.00087188 0.00094075 0.0008248  0.00114272
  0.00213499 0.00092888 0.00154259 0.00167212]
 [0.00119257 0.00137029 0.00084771 0.0006984  0.00076046 0.00100444
  0.00092888 0.00119093 0.00138054 0.00119083]
 [0.00193431 0.00248864 0.00139695 0.00107872 0.00136546 0.00154537
  0.00154259 0.00138054 0.00452858 0.00195074]
 [0.00154135 0.00171309 0.0011081  0.00105265 0.00097719 0.00145738
  0.00167212 0.00119083 0.00195074 0.00262875]]","[0.0072597  0.00381209 0.00280781 0.00422492 0.00258505 0.00576343
 0.00577291 0.00384727 0.00351696 0.00518978]","{'score': 0.003657843123566363, 'recombined_solution': array([0.0, 0.0, 1.0, 1.0, 0.0, 1.0, 1.0, 1.0, 0.0, 0.0], dtype=object)}"
MP Distribution,semiconductor_giants,None,"[[1.         0.47227246 0.49724595 0.45971138 0.40662977 0.45158661
  0.46723065 0.58058728 0.48291341 0.50507107]
 [0.47227246 1.         0.36089938 0.37183035 0.32955377 0.36520612
  0.38667629 0.48157934 0.44851668 0.40523201]
 [0.49724595 0.36089938 1.         0.51973064 0.46952628 0.57120452
  0.50645701 0.65930672 0.55716561 0.58008217]
 [0.45971138 0.37183035 0.51973064 1.         0.48797278 0.48914199
  0.5834008  0.57990119 0.4593252  0.58830228]
 [0.40662977 0.32955377 0.46952628 0.48797278 1.         0.46674279
  0.42290686 0.52207297 0.48072139 0.4515436 ]
 [0.45158661 0.36520612 0.57120452 0.48914199 0.46674279 1.
  0.51929347 0.61115663 0.48219272 0.59685344]
 [0.46723065 0.38667629 0.50645701 0.5834008  0.42290686 0.51929347
  1.         0.58252888 0.49610224 0.70582108]
 [0.58058728 0.48157934 0.65930672 0.57990119 0.52207297 0.61115663
  0.58252888 1.         0.59446615 0.67302643]
 [0.48291341 0.44851668 0.55716561 0.4593252  0.48072139 0.48219272
  0.49610224 0.59446615 1.         0.56538587]
 [0.50507107 0.40523201 0.58008217 0.58830228 0.4515436  0.59685344
  0.70582108 0.67302643 0.56538587 1.        ]]","[[0.00354284 0.00231777 0.00110271 0.00095492 0.0010216  0.00128011
  0.00128501 0.00119257 0.00193431 0.00154135]
 [0.00231777 0.00679835 0.00110867 0.00106993 0.00114692 0.00143407
  0.00147315 0.00137029 0.00248864 0.00171309]
 [0.00110271 0.00110867 0.00138814 0.00067578 0.00073838 0.00101353
  0.00087188 0.00084771 0.00139695 0.0011081 ]
 [0.00095492 0.00106993 0.00067578 0.00121791 0.0007188  0.00081297
  0.00094075 0.0006984  0.00107872 0.00105265]
 [0.0010216  0.00114692 0.00073838 0.0007188  0.00178159 0.00093824
  0.0008248  0.00076046 0.00136546 0.00097719]
 [0.00128011 0.00143407 0.00101353 0.00081297 0.00093824 0.0022681
  0.00114273 0.00100444 0.00154537 0.00145738]
 [0.00128501 0.00147315 0.00087188 0.00094075 0.0008248  0.00114273
  0.00213499 0.00092888 0.00154259 0.00167212]
 [0.00119257 0.00137029 0.00084771 0.0006984  0.00076046 0.00100444
  0.00092888 0.00119093 0.00138054 0.00119083]
 [0.00193431 0.00248864 0.00139695 0.00107872 0.00136546 0.00154537
  0.00154259 0.00138054 0.00452858 0.00195074]
 [0.00154135 0.00171309 0.0011081  0.00105265 0.00097719 0.00145738
  0.00167212 0.00119083 0.00195074 0.00262875]]","[0.0072597  0.00381209 0.00280781 0.00422492 0.00258505 0.00576343
 0.00577291 0.00384727 0.00351696 0.00518977]","(array([[1.        , 0.47227246, 0.49724595, 0.45971138, 0.40662977,
        0.45158661, 0.46723065, 0.58058728, 0.48291341, 0.50507107],
       [0.47227246, 1.        , 0.36089938, 0.37183035, 0.32955377,
        0.36520612, 0.38667629, 0.48157934, 0.44851668, 0.40523201],
       [0.49724595, 0.36089938, 1.        , 0.51973064, 0.46952628,
        0.57120452, 0.50645701, 0.65930672, 0.55716561, 0.58008217],
       [0.45971138, 0.37183035, 0.51973064, 1.        , 0.48797278,
        0.48914199, 0.5834008 , 0.57990119, 0.4593252 , 0.58830228],
       [0.40662977, 0.32955377, 0.46952628, 0.48797278, 1.        ,
        0.46674279, 0.42290686, 0.52207297, 0.48072139, 0.4515436 ],
       [0.45158661, 0.36520612, 0.57120452, 0.48914199, 0.46674279,
        1.        , 0.51929347, 0.61115663, 0.48219272, 0.59685344],
       [0.46723065, 0.38667629, 0.50645701, 0.5834008 , 0.42290686,
        0.51929347, 1.        , 0.58252888, 0.49610224, 0.70582108],
       [0.58058728, 0.48157934, 0.65930672, 0.57990119, 0.52207297,
        0.61115663, 0.58252888, 1.        , 0.59446615, 0.67302643],
       [0.48291341, 0.44851668, 0.55716561, 0.4593252 , 0.48072139,
        0.48219272, 0.49610224, 0.59446615, 1.        , 0.56538587],
       [0.50507107, 0.40523201, 0.58008217, 0.58830228, 0.4515436 ,
        0.59685344, 0.70582108, 0.67302643, 0.56538587, 1.        ]]), array([0., 0., 0., 0., 0., 0., 0., 0., 0., 0.]))"
Shrinkage Estimator,semiconductor_giants,None,"[[1.         0.47227246 0.49724585 0.45971112 0.4066294  0.45158669
  0.46723076 0.58058705 0.48291344 0.50507106]
 [0.47227246 1.         0.36089908 0.3718297  0.32955364 0.36520602
  0.38667616 0.48158005 0.44851679 0.40523236]
 [0.49724585 0.36089908 1.         0.51973045 0.469527   0.57120411
  0.50645709 0.65930629 0.55716585 0.58008222]
 [0.45971112 0.3718297  0.51973045 1.         0.48797339 0.48914188
  0.58340044 0.57990146 0.45932526 0.58830263]
 [0.4066294  0.32955364 0.469527   0.48797339 1.         0.46674313
  0.42290652 0.52207291 0.48072222 0.45154399]
 [0.45158669 0.36520602 0.57120411 0.48914188 0.46674313 1.
  0.51929308 0.61115619 0.48219282 0.59685341]
 [0.46723076 0.38667616 0.50645709 0.58340044 0.42290652 0.51929308
  1.         0.58252823 0.49610207 0.70582117]
 [0.58058705 0.48158005 0.65930629 0.57990146 0.52207291 0.61115619
  0.58252823 1.         0.59446632 0.67302617]
 [0.48291344 0.44851679 0.55716585 0.45932526 0.48072222 0.48219282
  0.49610207 0.59446632 1.         0.56538585]
 [0.50507106 0.40523236 0.58008222 0.58830263 0.45154399 0.59685341
  0.70582117 0.67302617 0.56538585 1.        ]]","[[0.00354284 0.00231777 0.00110271 0.00095492 0.00102159 0.00128011
  0.00128501 0.00119257 0.00193431 0.00154135]
 [0.00231777 0.00679835 0.00110867 0.00106993 0.00114692 0.00143407
  0.00147315 0.00137029 0.00248864 0.00171309]
 [0.00110271 0.00110867 0.00138814 0.00067578 0.00073838 0.00101353
  0.00087188 0.00084771 0.00139695 0.0011081 ]
 [0.00095492 0.00106993 0.00067578 0.00121792 0.0007188  0.00081297
  0.00094075 0.0006984  0.00107872 0.00105265]
 [0.00102159 0.00114692 0.00073838 0.0007188  0.00178159 0.00093824
  0.0008248  0.00076046 0.00136546 0.00097719]
 [0.00128011 0.00143407 0.00101353 0.00081297 0.00093824 0.0022681
  0.00114272 0.00100444 0.00154537 0.00145738]
 [0.00128501 0.00147315 0.00087188 0.00094075 0.0008248  0.00114272
  0.00213499 0.00092888 0.00154259 0.00167212]
 [0.00119257 0.00137029 0.00084771 0.0006984  0.00076046 0.00100444
  0.00092888 0.00119093 0.00138054 0.00119083]
 [0.00193431 0.00248864 0.00139695 0.00107872 0.00136546 0.00154537
  0.00154259 0.00138054 0.00452858 0.00195074]
 [0.00154135 0.00171309 0.0011081  0.00105265 0.00097719 0.00145738
  0.00167212 0.00119083 0.00195074 0.00262875]]","[0.0072597  0.00381209 0.00280781 0.00422492 0.00258505 0.00576343
 0.00577291 0.00384727 0.00351696 0.00518978]","(array([[1.        , 0.47227246, 0.49724585, 0.45971112, 0.4066294 ,
        0.45158669, 0.46723076, 0.58058705, 0.48291344, 0.50507106],
       [0.47227246, 1.        , 0.36089908, 0.3718297 , 0.32955364,
        0.36520602, 0.38667616, 0.48158005, 0.44851679, 0.40523236],
       [0.49724585, 0.36089908, 1.        , 0.51973045, 0.469527  ,
        0.57120411, 0.50645709, 0.65930629, 0.55716585, 0.58008222],
       [0.45971112, 0.3718297 , 0.51973045, 1.        , 0.48797339,
        0.48914188, 0.58340044, 0.57990146, 0.45932526, 0.58830263],
       [0.4066294 , 0.32955364, 0.469527  , 0.48797339, 1.        ,
        0.46674313, 0.42290652, 0.52207291, 0.48072222, 0.45154399],
       [0.45158669, 0.36520602, 0.57120411, 0.48914188, 0.46674313,
        1.        , 0.51929308, 0.61115619, 0.48219282, 0.59685341],
       [0.46723076, 0.38667616, 0.50645709, 0.58340044, 0.42290652,
        0.51929308, 1.        , 0.58252823, 0.49610207, 0.70582117],
       [0.58058705, 0.48158005, 0.65930629, 0.57990146, 0.52207291,
        0.61115619, 0.58252823, 1.        , 0.59446632, 0.67302617],
       [0.48291344, 0.44851679, 0.55716585, 0.45932526, 0.48072222,
        0.48219282, 0.49610207, 0.59446632, 1.        , 0.56538585],
       [0.50507106, 0.40523236, 0.58008222, 0.58830263, 0.45154399,
        0.59685341, 0.70582117, 0.67302617, 0.56538585, 1.        ]]), array([0., 0., 0., 0., 0., 0., 0., 0., 0., 0.]))"
MP Distribution,tech_titans,Dwave,"[[1.         0.48763133 0.44554517 0.43464248 0.53217455 0.31985381
  0.33177825 0.75024239 0.75644256 0.71266795]
 [0.48763133 1.         0.50437228 0.53812289 0.59117873 0.34439666
  0.34461302 0.79149277 0.78672847 0.79403367]
 [0.44554517 0.50437228 1.         0.39898748 0.40683173 0.29450219
  0.34121658 0.62094812 0.64586207 0.64282692]
 [0.43464248 0.53812289 0.39898748 1.         0.58234749 0.39281961
  0.34877816 0.68414906 0.62500317 0.67823848]
 [0.53217455 0.59117873 0.40683173 0.58234749 1.         0.45766776
  0.30272752 0.75222292 0.7313666  0.75163374]
 [0.31985381 0.34439666 0.29450219 0.39281961 0.45766776 1.
  0.33975007 0.51782971 0.487708   0.51277646]
 [0.33177825 0.34461302 0.34121658 0.34877816 0.30272752 0.33975007
  1.         0.49317236 0.46657102 0.47168498]
 [0.75024239 0.79149277 0.62094812 0.68414906 0.75222292 0.51782971
  0.49317236 1.         0.9782091  0.98217355]
 [0.75644256 0.78672847 0.64586207 0.62500317 0.7313666  0.487708
  0.46657102 0.9782091  1.         0.99176028]
 [0.71266795 0.79403367 0.64282692 0.67823848 0.75163374 0.51277646
  0.47168498 0.98217355 0.99176028 1.        ]]","[[0.00144568 0.00060759 0.00100833 0.00071827 0.00073113 0.00065533
  0.00096156 0.0007581  0.00081077 0.0007586 ]
 [0.00060759 0.00107389 0.0009838  0.00076645 0.00070001 0.00061583
  0.0008608  0.00068931 0.00072676 0.00072847]
 [0.00100833 0.0009838  0.00354284 0.00103218 0.00087497 0.00089116
  0.00154809 0.00098224 0.00108368 0.00107117]
 [0.00071827 0.00076645 0.00103218 0.00188903 0.00091455 0.00089771
  0.00115547 0.00079024 0.00076575 0.00082526]
 [0.00073113 0.00070001 0.00087497 0.00091455 0.0013056  0.00086912
  0.00083377 0.00072234 0.00074495 0.00076033]
 [0.00065533 0.00061583 0.00089116 0.00089771 0.00086912 0.0029001
  0.00140606 0.0007352  0.00073206 0.00076603]
 [0.00096156 0.0008608  0.00154809 0.00115547 0.00083377 0.00140606
  0.00581008 0.00099903 0.00100252 0.00100654]
 [0.0007581  0.00068931 0.00098224 0.00079024 0.00072234 0.0007352
  0.00099903 0.00070628 0.00073283 0.00073074]
 [0.00081077 0.00072676 0.00108368 0.00076575 0.00074495 0.00073206
  0.00100252 0.00073283 0.00079464 0.00078268]
 [0.0007586  0.00072847 0.00107117 0.00082526 0.00076033 0.00076603
  0.00100654 0.00073074 0.00078268 0.00078375]]","[0.0049022  0.00473917 0.0072597  0.0063311  0.00367542 0.00429635
 0.00761002 0.00366675 0.00361984 0.00360169]","{'score': 0.0009563896267798175, 'recombined_solution': array([0, 1, 1, 0, 1, 0, 0, 1, 0, 1], dtype=object)}"
Shrinkage Estimator,tech_titans,Dwave,"[[1.         0.4876314  0.44554549 0.43464269 0.53217448 0.31985317
  0.33177841 0.75024249 0.7564425  0.71266807]
 [0.4876314  1.         0.50437194 0.53812229 0.59117842 0.3443963
  0.34461241 0.7914924  0.78672805 0.79403385]
 [0.44554549 0.50437194 1.         0.39898748 0.40683173 0.29450219
  0.34121658 0.62094883 0.64586233 0.64282749]
 [0.43464269 0.53812229 0.39898748 1.         0.58234747 0.39281961
  0.34877816 0.6841492  0.62500332 0.67823821]
 [0.53217448 0.59117842 0.40683173 0.58234747 1.         0.45766801
  0.30272745 0.75222305 0.73136664 0.75163369]
 [0.31985317 0.3443963  0.29450219 0.39281961 0.45766801 1.
  0.33975007 0.517829   0.48770866 0.51277665]
 [0.33177841 0.34461241 0.34121658 0.34877816 0.30272745 0.33975007
  1.         0.49317255 0.4665708  0.47168533]
 [0.75024249 0.7914924  0.62094883 0.6841492  0.75222305 0.517829
  0.49317255 1.         0.97820919 0.98217365]
 [0.7564425  0.78672805 0.64586233 0.62500332 0.73136664 0.48770866
  0.4665708  0.97820919 1.         0.99176028]
 [0.71266807 0.79403385 0.64282749 0.67823821 0.75163369 0.51277665
  0.47168533 0.98217365 0.99176028 1.        ]]","[[0.00144569 0.00060759 0.00100833 0.00071827 0.00073113 0.00065533
  0.00096156 0.0007581  0.00081077 0.0007586 ]
 [0.00060759 0.0010739  0.0009838  0.00076645 0.00070001 0.00061583
  0.0008608  0.00068931 0.00072676 0.00072847]
 [0.00100833 0.0009838  0.00354284 0.00103218 0.00087497 0.00089116
  0.00154809 0.00098224 0.00108368 0.00107117]
 [0.00071827 0.00076645 0.00103218 0.00188903 0.00091455 0.00089771
  0.00115547 0.00079024 0.00076575 0.00082526]
 [0.00073113 0.00070001 0.00087497 0.00091455 0.0013056  0.00086913
  0.00083377 0.00072233 0.00074495 0.00076033]
 [0.00065533 0.00061583 0.00089116 0.00089771 0.00086913 0.0029001
  0.00140606 0.0007352  0.00073206 0.00076603]
 [0.00096156 0.0008608  0.00154809 0.00115547 0.00083377 0.00140606
  0.00581008 0.00099903 0.00100252 0.00100654]
 [0.0007581  0.00068931 0.00098224 0.00079024 0.00072233 0.0007352
  0.00099903 0.00070627 0.00073283 0.00073074]
 [0.00081077 0.00072676 0.00108368 0.00076575 0.00074495 0.00073206
  0.00100252 0.00073283 0.00079464 0.00078268]
 [0.0007586  0.00072847 0.00107117 0.00082526 0.00076033 0.00076603
  0.00100654 0.00073074 0.00078268 0.00078375]]","[0.0049022  0.00473917 0.0072597  0.0063311  0.00367542 0.00429635
 0.00761002 0.00366675 0.00361985 0.00360169]","{'score': -0.001452549850378522, 'recombined_solution': array([1, 1, 0, 1, 0, 1, 0, 1, 0, 0], dtype=object)}"
MP Distribution,tech_titans,Gurobi,"[[1.         0.48763133 0.44554517 0.43464248 0.53217455 0.31985381
  0.33177825 0.75024239 0.75644256 0.71266795]
 [0.48763133 1.         0.50437228 0.53812289 0.59117873 0.34439666
  0.34461302 0.79149277 0.78672847 0.79403367]
 [0.44554517 0.50437228 1.         0.39898748 0.40683173 0.29450219
  0.34121658 0.62094812 0.64586207 0.64282692]
 [0.43464248 0.53812289 0.39898748 1.         0.58234749 0.39281961
  0.34877816 0.68414906 0.62500317 0.67823848]
 [0.53217455 0.59117873 0.40683173 0.58234749 1.         0.45766776
  0.30272752 0.75222292 0.7313666  0.75163374]
 [0.31985381 0.34439666 0.29450219 0.39281961 0.45766776 1.
  0.33975007 0.51782971 0.487708   0.51277646]
 [0.33177825 0.34461302 0.34121658 0.34877816 0.30272752 0.33975007
  1.         0.49317236 0.46657102 0.47168498]
 [0.75024239 0.79149277 0.62094812 0.68414906 0.75222292 0.51782971
  0.49317236 1.         0.9782091  0.98217355]
 [0.75644256 0.78672847 0.64586207 0.62500317 0.7313666  0.487708
  0.46657102 0.9782091  1.         0.99176028]
 [0.71266795 0.79403367 0.64282692 0.67823848 0.75163374 0.51277646
  0.47168498 0.98217355 0.99176028 1.        ]]","[[0.00144568 0.00060759 0.00100833 0.00071827 0.00073113 0.00065533
  0.00096156 0.0007581  0.00081077 0.0007586 ]
 [0.00060759 0.00107389 0.0009838  0.00076645 0.00070001 0.00061583
  0.0008608  0.00068931 0.00072676 0.00072847]
 [0.00100833 0.0009838  0.00354284 0.00103218 0.00087497 0.00089116
  0.00154809 0.00098224 0.00108368 0.00107117]
 [0.00071827 0.00076645 0.00103218 0.00188903 0.00091455 0.00089771
  0.00115547 0.00079024 0.00076575 0.00082526]
 [0.00073113 0.00070001 0.00087497 0.00091455 0.0013056  0.00086912
  0.00083377 0.00072234 0.00074495 0.00076033]
 [0.00065533 0.00061583 0.00089116 0.00089771 0.00086912 0.0029001
  0.00140606 0.0007352  0.00073206 0.00076603]
 [0.00096156 0.0008608  0.00154809 0.00115547 0.00083377 0.00140606
  0.00581008 0.00099903 0.00100252 0.00100654]
 [0.0007581  0.00068931 0.00098224 0.00079024 0.00072234 0.0007352
  0.00099903 0.00070628 0.00073283 0.00073074]
 [0.00081077 0.00072676 0.00108368 0.00076575 0.00074495 0.00073206
  0.00100252 0.00073283 0.00079464 0.00078268]
 [0.0007586  0.00072847 0.00107117 0.00082526 0.00076033 0.00076603
  0.00100654 0.00073074 0.00078268 0.00078375]]","[0.0049022  0.00473917 0.0072597  0.0063311  0.00367542 0.00429635
 0.00761002 0.00366675 0.00361984 0.00360169]","{'score': -0.002617401998283291, 'recombined_solution': array([1.0, 1.0, 0.0, 1.0, 0.0, 0.0, 0.0, 1.0, 1.0, 0.0], dtype=object)}"
Shrinkage Estimator,tech_titans,Gurobi,"[[1.         0.4876314  0.44554549 0.43464269 0.53217448 0.31985317
  0.33177841 0.75024249 0.7564425  0.71266807]
 [0.4876314  1.         0.50437194 0.53812229 0.59117842 0.3443963
  0.34461241 0.7914924  0.78672805 0.79403385]
 [0.44554549 0.50437194 1.         0.39898748 0.40683173 0.29450219
  0.34121658 0.62094883 0.64586233 0.64282749]
 [0.43464269 0.53812229 0.39898748 1.         0.58234747 0.39281961
  0.34877816 0.6841492  0.62500332 0.67823821]
 [0.53217448 0.59117842 0.40683173 0.58234747 1.         0.45766801
  0.30272745 0.75222305 0.73136664 0.75163369]
 [0.31985317 0.3443963  0.29450219 0.39281961 0.45766801 1.
  0.33975007 0.517829   0.48770866 0.51277665]
 [0.33177841 0.34461241 0.34121658 0.34877816 0.30272745 0.33975007
  1.         0.49317255 0.4665708  0.47168533]
 [0.75024249 0.7914924  0.62094883 0.6841492  0.75222305 0.517829
  0.49317255 1.         0.97820919 0.98217365]
 [0.7564425  0.78672805 0.64586233 0.62500332 0.73136664 0.48770866
  0.4665708  0.97820919 1.         0.99176028]
 [0.71266807 0.79403385 0.64282749 0.67823821 0.75163369 0.51277665
  0.47168533 0.98217365 0.99176028 1.        ]]","[[0.00144569 0.00060759 0.00100833 0.00071827 0.00073113 0.00065533
  0.00096156 0.0007581  0.00081077 0.0007586 ]
 [0.00060759 0.0010739  0.0009838  0.00076645 0.00070001 0.00061583
  0.0008608  0.00068931 0.00072676 0.00072847]
 [0.00100833 0.0009838  0.00354284 0.00103218 0.00087497 0.00089116
  0.00154809 0.00098224 0.00108368 0.00107117]
 [0.00071827 0.00076645 0.00103218 0.00188903 0.00091455 0.00089771
  0.00115547 0.00079024 0.00076575 0.00082526]
 [0.00073113 0.00070001 0.00087497 0.00091455 0.0013056  0.00086913
  0.00083377 0.00072233 0.00074495 0.00076033]
 [0.00065533 0.00061583 0.00089116 0.00089771 0.00086913 0.0029001
  0.00140606 0.0007352  0.00073206 0.00076603]
 [0.00096156 0.0008608  0.00154809 0.00115547 0.00083377 0.00140606
  0.00581008 0.00099903 0.00100252 0.00100654]
 [0.0007581  0.00068931 0.00098224 0.00079024 0.00072233 0.0007352
  0.00099903 0.00070627 0.00073283 0.00073074]
 [0.00081077 0.00072676 0.00108368 0.00076575 0.00074495 0.00073206
  0.00100252 0.00073283 0.00079464 0.00078268]
 [0.0007586  0.00072847 0.00107117 0.00082526 0.00076033 0.00076603
  0.00100654 0.00073074 0.00078268 0.00078375]]","[0.0049022  0.00473917 0.0072597  0.0063311  0.00367542 0.00429635
 0.00761002 0.00366675 0.00361985 0.00360169]","{'score': -0.0026173945959132756, 'recombined_solution': array([1.0, 1.0, 0.0, 1.0, 0.0, 0.0, 0.0, 1.0, 1.0, 0.0], dtype=object)}"
MP Distribution,tech_titans,None,"[[1.         0.48763133 0.44554517 0.43464248 0.53217455 0.31985381
  0.33177825 0.75024239 0.75644256 0.71266795]
 [0.48763133 1.         0.50437228 0.53812289 0.59117873 0.34439666
  0.34461302 0.79149277 0.78672847 0.79403367]
 [0.44554517 0.50437228 1.         0.39898748 0.40683173 0.29450219
  0.34121658 0.62094812 0.64586207 0.64282692]
 [0.43464248 0.53812289 0.39898748 1.         0.58234749 0.39281961
  0.34877816 0.68414906 0.62500317 0.67823848]
 [0.53217455 0.59117873 0.40683173 0.58234749 1.         0.45766776
  0.30272752 0.75222292 0.7313666  0.75163374]
 [0.31985381 0.34439666 0.29450219 0.39281961 0.45766776 1.
  0.33975007 0.51782971 0.487708   0.51277646]
 [0.33177825 0.34461302 0.34121658 0.34877816 0.30272752 0.33975007
  1.         0.49317236 0.46657102 0.47168498]
 [0.75024239 0.79149277 0.62094812 0.68414906 0.75222292 0.51782971
  0.49317236 1.         0.9782091  0.98217355]
 [0.75644256 0.78672847 0.64586207 0.62500317 0.7313666  0.487708
  0.46657102 0.9782091  1.         0.99176028]
 [0.71266795 0.79403367 0.64282692 0.67823848 0.75163374 0.51277646
  0.47168498 0.98217355 0.99176028 1.        ]]","[[0.00144568 0.00060759 0.00100833 0.00071827 0.00073113 0.00065533
  0.00096156 0.0007581  0.00081077 0.0007586 ]
 [0.00060759 0.00107389 0.0009838  0.00076645 0.00070001 0.00061583
  0.0008608  0.00068931 0.00072676 0.00072847]
 [0.00100833 0.0009838  0.00354284 0.00103218 0.00087497 0.00089116
  0.00154809 0.00098224 0.00108368 0.00107117]
 [0.00071827 0.00076645 0.00103218 0.00188903 0.00091455 0.00089771
  0.00115547 0.00079024 0.00076575 0.00082526]
 [0.00073113 0.00070001 0.00087497 0.00091455 0.0013056  0.00086912
  0.00083377 0.00072234 0.00074495 0.00076033]
 [0.00065533 0.00061583 0.00089116 0.00089771 0.00086912 0.0029001
  0.00140606 0.0007352  0.00073206 0.00076603]
 [0.00096156 0.0008608  0.00154809 0.00115547 0.00083377 0.00140606
  0.00581008 0.00099903 0.00100252 0.00100654]
 [0.0007581  0.00068931 0.00098224 0.00079024 0.00072234 0.0007352
  0.00099903 0.00070628 0.00073283 0.00073074]
 [0.00081077 0.00072676 0.00108368 0.00076575 0.00074495 0.00073206
  0.00100252 0.00073283 0.00079464 0.00078268]
 [0.0007586  0.00072847 0.00107117 0.00082526 0.00076033 0.00076603
  0.00100654 0.00073074 0.00078268 0.00078375]]","[0.0049022  0.00473917 0.0072597  0.0063311  0.00367542 0.00429635
 0.00761002 0.00366675 0.00361984 0.00360169]","(array([[1.        , 0.48763133, 0.44554517, 0.43464248, 0.53217455,
        0.31985381, 0.33177825, 0.75024239, 0.75644256, 0.71266795],
       [0.48763133, 1.        , 0.50437228, 0.53812289, 0.59117873,
        0.34439666, 0.34461302, 0.79149277, 0.78672847, 0.79403367],
       [0.44554517, 0.50437228, 1.        , 0.39898748, 0.40683173,
        0.29450219, 0.34121658, 0.62094812, 0.64586207, 0.64282692],
       [0.43464248, 0.53812289, 0.39898748, 1.        , 0.58234749,
        0.39281961, 0.34877816, 0.68414906, 0.62500317, 0.67823848],
       [0.53217455, 0.59117873, 0.40683173, 0.58234749, 1.        ,
        0.45766776, 0.30272752, 0.75222292, 0.7313666 , 0.75163374],
       [0.31985381, 0.34439666, 0.29450219, 0.39281961, 0.45766776,
        1.        , 0.33975007, 0.51782971, 0.487708  , 0.51277646],
       [0.33177825, 0.34461302, 0.34121658, 0.34877816, 0.30272752,
        0.33975007, 1.        , 0.49317236, 0.46657102, 0.47168498],
       [0.75024239, 0.79149277, 0.62094812, 0.68414906, 0.75222292,
        0.51782971, 0.49317236, 1.        , 0.9782091 , 0.98217355],
       [0.75644256, 0.78672847, 0.64586207, 0.62500317, 0.7313666 ,
        0.487708  , 0.46657102, 0.9782091 , 1.        , 0.99176028],
       [0.71266795, 0.79403367, 0.64282692, 0.67823848, 0.75163374,
        0.51277646, 0.47168498, 0.98217355, 0.99176028, 1.        ]]), array([0., 0., 0., 0., 0., 0., 0., 0., 0., 0.]))"
Shrinkage Estimator,tech_titans,None,"[[1.         0.4876314  0.44554549 0.43464269 0.53217448 0.31985317
  0.33177841 0.75024249 0.7564425  0.71266807]
 [0.4876314  1.         0.50437194 0.53812229 0.59117842 0.3443963
  0.34461241 0.7914924  0.78672805 0.79403385]
 [0.44554549 0.50437194 1.         0.39898748 0.40683173 0.29450219
  0.34121658 0.62094883 0.64586233 0.64282749]
 [0.43464269 0.53812229 0.39898748 1.         0.58234747 0.39281961
  0.34877816 0.6841492  0.62500332 0.67823821]
 [0.53217448 0.59117842 0.40683173 0.58234747 1.         0.45766801
  0.30272745 0.75222305 0.73136664 0.75163369]
 [0.31985317 0.3443963  0.29450219 0.39281961 0.45766801 1.
  0.33975007 0.517829   0.48770866 0.51277665]
 [0.33177841 0.34461241 0.34121658 0.34877816 0.30272745 0.33975007
  1.         0.49317255 0.4665708  0.47168533]
 [0.75024249 0.7914924  0.62094883 0.6841492  0.75222305 0.517829
  0.49317255 1.         0.97820919 0.98217365]
 [0.7564425  0.78672805 0.64586233 0.62500332 0.73136664 0.48770866
  0.4665708  0.97820919 1.         0.99176028]
 [0.71266807 0.79403385 0.64282749 0.67823821 0.75163369 0.51277665
  0.47168533 0.98217365 0.99176028 1.        ]]","[[0.00144569 0.00060759 0.00100833 0.00071827 0.00073113 0.00065533
  0.00096156 0.0007581  0.00081077 0.0007586 ]
 [0.00060759 0.0010739  0.0009838  0.00076645 0.00070001 0.00061583
  0.0008608  0.00068931 0.00072676 0.00072847]
 [0.00100833 0.0009838  0.00354284 0.00103218 0.00087497 0.00089116
  0.00154809 0.00098224 0.00108368 0.00107117]
 [0.00071827 0.00076645 0.00103218 0.00188903 0.00091455 0.00089771
  0.00115547 0.00079024 0.00076575 0.00082526]
 [0.00073113 0.00070001 0.00087497 0.00091455 0.0013056  0.00086913
  0.00083377 0.00072233 0.00074495 0.00076033]
 [0.00065533 0.00061583 0.00089116 0.00089771 0.00086913 0.0029001
  0.00140606 0.0007352  0.00073206 0.00076603]
 [0.00096156 0.0008608  0.00154809 0.00115547 0.00083377 0.00140606
  0.00581008 0.00099903 0.00100252 0.00100654]
 [0.0007581  0.00068931 0.00098224 0.00079024 0.00072233 0.0007352
  0.00099903 0.00070627 0.00073283 0.00073074]
 [0.00081077 0.00072676 0.00108368 0.00076575 0.00074495 0.00073206
  0.00100252 0.00073283 0.00079464 0.00078268]
 [0.0007586  0.00072847 0.00107117 0.00082526 0.00076033 0.00076603
  0.00100654 0.00073074 0.00078268 0.00078375]]","[0.0049022  0.00473917 0.0072597  0.0063311  0.00367542 0.00429635
 0.00761002 0.00366675 0.00361985 0.00360169]","(array([[1.        , 0.4876314 , 0.44554549, 0.43464269, 0.53217448,
        0.31985317, 0.33177841, 0.75024249, 0.7564425 , 0.71266807],
       [0.4876314 , 1.        , 0.50437194, 0.53812229, 0.59117842,
        0.3443963 , 0.34461241, 0.7914924 , 0.78672805, 0.79403385],
       [0.44554549, 0.50437194, 1.        , 0.39898748, 0.40683173,
        0.29450219, 0.34121658, 0.62094883, 0.64586233, 0.64282749],
       [0.43464269, 0.53812229, 0.39898748, 1.        , 0.58234747,
        0.39281961, 0.34877816, 0.6841492 , 0.62500332, 0.67823821],
       [0.53217448, 0.59117842, 0.40683173, 0.58234747, 1.        ,
        0.45766801, 0.30272745, 0.75222305, 0.73136664, 0.75163369],
       [0.31985317, 0.3443963 , 0.29450219, 0.39281961, 0.45766801,
        1.        , 0.33975007, 0.517829  , 0.48770866, 0.51277665],
       [0.33177841, 0.34461241, 0.34121658, 0.34877816, 0.30272745,
        0.33975007, 1.        , 0.49317255, 0.4665708 , 0.47168533],
       [0.75024249, 0.7914924 , 0.62094883, 0.6841492 , 0.75222305,
        0.517829  , 0.49317255, 1.        , 0.97820919, 0.98217365],
       [0.7564425 , 0.78672805, 0.64586233, 0.62500332, 0.73136664,
        0.48770866, 0.4665708 , 0.97820919, 1.        , 0.99176028],
       [0.71266807, 0.79403385, 0.64282749, 0.67823821, 0.75163369,
        0.51277665, 0.47168533, 0.98217365, 0.99176028, 1.        ]]), array([0., 0., 0., 0., 0., 0., 0., 0., 0., 0.]))"
